-- Kampo database backup
-- Generated at 2026-06-18 16:23:39

-- 漢方薬データベース schema
-- PostgreSQL想定

CREATE TABLE IF NOT EXISTS kampo_products (
    id BIGSERIAL PRIMARY KEY,
    identification_code VARCHAR(50) NOT NULL,
    sales_name VARCHAR(100) NOT NULL,
    reading VARCHAR(255),
    efficacy_condition_text TEXT NOT NULL,
    efficacy_indication_text TEXT NOT NULL,
    dosage_daily_amount NUMERIC(10,3) NOT NULL,
    dosage_instructions_text TEXT NOT NULL,
    source_file_name VARCHAR(255),
    source_document_no VARCHAR(100),
    created_at TIMESTAMP NOT NULL DEFAULT CURRENT_TIMESTAMP,
    updated_at TIMESTAMP NOT NULL DEFAULT CURRENT_TIMESTAMP,
    CONSTRAINT uq_kampo_products_sales_name UNIQUE (sales_name)
);

ALTER TABLE kampo_products
    ADD COLUMN IF NOT EXISTS reading VARCHAR(255);

CREATE TABLE IF NOT EXISTS kampo_ingredients (
    id BIGSERIAL PRIMARY KEY,
    ingredient_name VARCHAR(255) NOT NULL,
    created_at TIMESTAMP NOT NULL DEFAULT CURRENT_TIMESTAMP,
    updated_at TIMESTAMP NOT NULL DEFAULT CURRENT_TIMESTAMP,
    CONSTRAINT uq_kampo_ingredients_ingredient_name UNIQUE (ingredient_name)
);

CREATE TABLE IF NOT EXISTS kampo_product_ingredients (
    id BIGSERIAL PRIMARY KEY,
    product_id BIGINT NOT NULL,
    ingredient_id BIGINT NOT NULL,
    amount_value NUMERIC(10,3) NOT NULL,
    amount_unit VARCHAR(20) NOT NULL DEFAULT 'g',
    sort_order INT NOT NULL,
    raw_amount_text TEXT,
    created_at TIMESTAMP NOT NULL DEFAULT CURRENT_TIMESTAMP,
    updated_at TIMESTAMP NOT NULL DEFAULT CURRENT_TIMESTAMP,
    CONSTRAINT fk_kampo_product_ingredients_product
        FOREIGN KEY (product_id) REFERENCES kampo_products(id),
    CONSTRAINT fk_kampo_product_ingredients_ingredient
        FOREIGN KEY (ingredient_id) REFERENCES kampo_ingredients(id),
    CONSTRAINT uq_kampo_product_ingredients_product_ingredient
        UNIQUE (product_id, ingredient_id)
);

CREATE INDEX IF NOT EXISTS idx_kampo_product_ingredients_product_id
    ON kampo_product_ingredients(product_id);

CREATE INDEX IF NOT EXISTS idx_kampo_product_ingredients_ingredient_id
    ON kampo_product_ingredients(ingredient_id);


BEGIN;

TRUNCATE TABLE kampo_product_ingredients, kampo_ingredients, kampo_products RESTART IDENTITY CASCADE;

-- kampo_products
INSERT INTO kampo_products (id, identification_code, sales_name, reading, efficacy_condition_text, efficacy_indication_text, dosage_daily_amount, dosage_instructions_text, source_file_name, source_document_no, created_at, updated_at) VALUES
  (5, '5', 'ツムラ安中散エキス顆粒', 'アンチュウサン', 'やせ型で腹部筋肉が弛緩する傾向にあり、胃痛または腹痛があって、ときに胸やけ、げっぷ、食欲不振、はきけなど', '神経性胃炎、慢性胃炎、胃アトニー', 7.500, '2～3回に分割し、食前又は食間に経口投与', '460026_5200001D1066_1_10_ツムラ安中散エキス顆粒（医療用）.pdf', '005', '2026-06-18 12:34:36', '2026-06-18 15:45:12'),
  (7, '115', 'ツムラ胃苓湯エキス顆粒', 'イレイトウ', '水瀉性の下痢、嘔吐があり、口渇、尿量減少', '食あたり、暑気あたり、冷え腹、急性胃腸炎、腹痛', 7.500, '2～3回に分割し、食前又は食間に経口投与', '460026_5200002D1036_1_09_ツムラ胃苓湯エキス顆粒（医療用）.pdf', '115', '2026-06-18 12:41:38', '2026-06-18 15:45:59'),
  (8, '135', 'ツムラ茵蔯蒿湯エキス顆粒', 'インチンコウトウ', '尿量減少、やゝ便秘がちで比較的体力のあるものの', '黄疸、肝硬変症、ネフローゼ、じんましん、口内炎', 7.500, '2～3回に分割し、食前又は食間に経口投与', '460026_5200003D1049_1_11_ツムラ茵ちん蒿湯エキス顆粒（医療用）.pdf', '135', '2026-06-18 12:43:18', '2026-06-18 15:46:52'),
  (9, '117', 'ツムラ茵蔯五苓散エキス顆粒', 'インチンゴレイ サン', 'のどが渇いて、尿が少ないものの', '嘔吐、じんましん、二日酔のむかつき、むくみ', 7.500, '2～3回に分割し、食前又は食間に経口投与', '460026_5200004D1035_1_09_ツムラ茵ちん五苓散エキス顆粒（医療用）.pdf', '117', '2026-06-18 12:45:03', '2026-06-18 15:47:36'),
  (10, '106', 'ツムラ温経湯エキス顆粒', 'ウンケイトウ', '手足がほてり、唇がかわくものの', '月経不順、月経困難、こしけ、更年期障害、不眠、神経症、湿疹、足腰の冷え、しもやけ', 7.500, '2～3回に分割し、食前又は食間に経口投与', '460026_5200005D1030_1_10_ツムラ温経湯エキス顆粒（医療用）.pdf', '106', '2026-06-18 13:13:38', '2026-06-18 15:48:15'),
  (11, '57', 'ツムラ温清飲エキス顆粒', 'ウンセイイン', '皮膚の色つやが悪く、のぼせるものに用いる', '月経不順、月経困難、血の道症、更年期障害、神経症', 7.500, '2～3回に分割し、食前又は食間に経口投与', '460026_5200006D1042_1_12_ツムラ温清飲エキス顆粒（医療用）.pdf', '057', '2026-06-18 13:13:54', '2026-06-18 15:48:48'),
  (12, '28', 'ツムラ越婢加朮湯エキス顆粒', 'エッピ カジュツトウ', '浮腫と汗が出て小便不利のあるものの', '腎炎、ネフローゼ、脚気、関節リウマチ、夜尿症、湿疹', 7.500, '2～3回に分割し、食前又は食間に経口投与', '460026_5200007D1047_1_11_ツムラ越婢加朮湯エキス顆粒（医療用）.pdf', '028', '2026-06-18 13:51:49', '2026-06-18 15:49:26'),
  (13, '98', 'ツムラ黄耆建中湯エキス顆粒', 'オウギケンチュウトウ', '身体虚弱で疲労しやすいものの', '虚弱体質、病後の衰弱、ねあせ', 18.000, '2～3回に分割し、食前又は食間に経口投与', '460026_5200008D1025_1_09_ツムラ黄耆建中湯エキス顆粒（医療用）.pdf', '098', '2026-06-18 13:52:55', '2026-06-18 15:50:03'),
  (14, '15', 'ツムラ黄連解毒湯エキス顆粒', 'オウレンゲドクトウ', '比較的体力があり、のぼせぎみで顔色赤く、いらいらする傾向のある', '鼻出血、高血圧、不眠症、ノイローゼ、胃炎、二日酔、血の道症、めまい、動悸、湿疹・皮膚炎、皮膚瘙痒症', 7.500, '2～3回に分割し、食前又は食間に経口投与', '460026_5200011D1078_1_20_ツムラ黄連解毒湯エキス顆粒（医療用）.pdf', '015', '2026-06-18 13:53:09', '2026-06-18 15:51:07'),
  (15, '3', 'ツムラ乙字湯エキス顆粒', 'オツジトウ', '病状がそれほど激しくなく、体力が中位で衰弱していないものの', 'キレ痔、イボ痔', 7.500, '2～3回に分割し、食前又は食間に経口投与', '460026_5200012D1080_1_14_ツムラ乙字湯エキス顆粒（医療用）.pdf', '003', '2026-06-18 13:54:57', '2026-06-18 15:54:16'),
  (17, '120', 'ツムラ黄連湯エキス顆粒', 'オウレントウ', '胃部の停滞感や重圧感、食欲不振のあるものの', '急性胃炎、二日酔、口内炎', 7.500, '2～3回に分割し、食前又は食間に経口投与', '460026_5200010D1030_1_09_ツムラ黄連湯エキス顆粒（医療用）.pdf', '120', '2026-06-18 13:57:35', '2026-06-18 15:50:34'),
  (18, '1', 'ツムラ葛根湯エキス顆粒', 'カッコントウ', '自然発汗がなく頭痛、発熱、悪寒、肩こり等を伴う比較的体力のあるものの', '感冒、鼻かぜ、熱性疾患の初期、炎症性疾患（結膜炎、角膜炎、中耳炎、扁桃腺炎、乳腺炎、リンパ腺炎）、肩こり、上半身の神経痛、じんましん', 7.500, '2～3回に分割し、食前又は食間に経口投与', '460026_5200013D1123_1_13_ツムラ葛根湯エキス顆粒（医療用）.pdf', '001', '2026-06-18 14:44:42', '2026-06-18 15:55:03'),
  (19, '137', 'ツムラ加味帰脾湯エキス顆粒', 'カッコントウカセンキュウシンイ', '虚弱体質で血色の悪い人の', '貧血、不眠症、精神不安、神経症', 7.500, '2～3回に分割し、食前又は食間に経口投与', '460026_5200016D1054_1_13_ツムラ加味帰脾湯エキス顆粒（医療用）.pdf', '137', '2026-06-18 14:45:18', '2026-06-18 15:56:26'),
  (20, '24', 'ツムラ加味逍遙散エキス顆粒', 'カミショウヨウサン', '体質虚弱な婦人で肩がこり、疲れやすく、精神不安などの精神神経症状、ときに便秘の傾向のある', '冷え症、虚弱体質、月経不順、月経困難、更年期障害、血の道症', 7.500, '2～3回に分割し、食前又は食間に経口投与', '460026_5200017D1083_1_13_ツムラ加味逍遙散エキス顆粒（医療用）.pdf', '024', '2026-06-18 14:45:31', '2026-06-18 15:56:55'),
  (21, '2', 'ツムラ葛根湯加川芎辛夷エキス顆粒', 'カッコントウカセンキュウシンイ', '鼻づまり、蓄膿症、慢性鼻炎', '鼻づまり、蓄膿症、慢性鼻炎', 7.500, '2～3回に分割し、食前又は食間に経口投与', '460026_5200015D1084_1_13_ツムラ葛根湯加川きゅう辛夷エキス顆粒（医療用）.pdf', '002', '2026-06-18 14:52:20', '2026-06-18 15:55:45'),
  (22, '72', 'ツムラ甘麦大棗湯エキス顆粒', 'カンバクタイソウトウ', '夜泣き、ひきつけ', '夜泣き、ひきつけ', 7.500, '2～3回に分割し、食前又は食間に経口投与', '460026_5200019D1031_1_09_ツムラ甘麦大棗湯エキス顆粒（医療用）.pdf', '072', '2026-06-18 14:58:29', '2026-06-18 15:57:33'),
  (23, '138', 'ツムラ桔梗湯エキス顆粒', 'キキョウトウ', '咽喉がはれて痛む', '扁桃炎、扁桃周囲炎', 7.500, '2～3回に分割し、食前又は食間に経口投与', '460026_5200020D1026_1_10_ツムラ桔梗湯エキス顆粒（医療用）.pdf', '138', '2026-06-18 14:58:47', '2026-06-18 15:58:04'),
  (24, '65', 'ツムラ帰脾湯エキス顆粒', 'キヒトウ', '虚弱体質で血色の悪い人の', '貧血、不眠症', 7.500, '2～3回に分割し、食前又は食間に経口投与', '460026_5200022D1033_1_10_ツムラ帰脾湯エキス顆粒（医療用）.pdf', '065', '2026-06-18 14:59:03', '2026-06-18 15:58:34'),
  (25, '77', 'ツムラ芎帰膠艾湯エキス顆粒', 'キュウキキョウガイトウ', '痔出血', '痔出血', 9.000, '2～3回に分割し、食前又は食間に経口投与', '460026_5200023D1020_1_10_ツムラきゅう帰膠艾湯エキス顆粒（医療用）.pdf', '077', '2026-06-18 14:59:25', '2026-06-18 15:59:04'),
  (26, '50', 'ツムラ荊芥連翹湯エキス顆粒', 'ケイガイレンギョウトウ', '蓄膿症、慢性鼻炎、慢性扁桃炎、にきび', '蓄膿症、慢性鼻炎、慢性扁桃炎、にきび', 7.500, '2～3回に分割し、食前又は食間に経口投与', '460026_5200027D1052_1_14_ツムラ荊芥連翹湯エキス顆粒（医療用）.pdf', '050', '2026-06-18 15:03:20', '2026-06-18 15:59:35'),
  (27, '60', 'ツムラ桂枝加芍󠄁薬湯エキス顆粒', 'ケイシカシャクヤクトウ', '腹部膨満感のある', 'しぶり腹、腹痛', 7.500, '2～3回に分割し、食前又は食間に経口投与', '460026_5200032D1045_1_13_ツムラ桂枝加芍薬湯エキス顆粒（医療用）.pdf', '060', '2026-06-18 15:03:30', '2026-06-18 16:00:41'),
  (28, '134', 'ツムラ桂枝加芍󠄁薬大黄湯エキス顆粒', 'ケイシカシャクヤクダイオウトウ', '比較的体力のない人で、腹部膨満し、腸内の停滞感あるいは腹痛などを伴なうものの', '1.急性腸炎、大腸カタル2.常習便秘、宿便、しぶり腹', 7.500, '2～3回に分割し、食前又は食間に経口投与', '460026_5200033D1023_1_10_ツムラ桂枝加芍薬大黄湯エキス顆粒（医療用）.pdf', '134', '2026-06-18 15:03:40', '2026-06-18 16:01:17'),
  (29, '18', 'ツムラ桂枝加朮附湯エキス顆粒', 'ケイシカジュツブトウ', '関節痛、神経痛', '関節痛、神経痛', 7.500, '2～3回に分割し、食前又は食間に経口投与', '460026_5200034D1044_1_08_ツムラ桂枝加朮附湯エキス顆粒（医療用）.pdf', '018', '2026-06-18 15:04:01', '2026-06-18 16:01:50'),
  (30, '26', 'ツムラ桂枝加竜骨牡蛎湯エキス顆粒', 'ケイシカリュウコツボレイトウ', '下腹直腹筋に緊張のある比較的体力の衰えているものの', '小児夜尿症、神経衰弱、性的神経衰弱、遺精、陰萎', 7.500, '2～3回に分割し、食前又は食間に経口投与', '460026_5200035D1030_1_11_ツムラ桂枝加竜骨牡蛎湯エキス顆粒（医療用）.pdf', '026', '2026-06-18 15:05:17', '2026-06-18 16:02:32'),
  (31, '45', 'ツムラ桂枝湯エキス顆粒', 'ケイシトウ', '体力が衰えたときの風邪の初期', '体力が衰えたときの風邪の初期', 7.500, '2～3回に分割し、食前又は食間に経口投与', '460026_5200028D1049_1_10_ツムラ桂枝湯エキス顆粒（医療用）.pdf', '045', '2026-06-18 15:09:42', '2026-06-18 16:00:06'),
  (32, '82', 'ツムラ桂枝人参湯エキス顆粒', 'ケイシニンジントウ', '胃腸の弱い人の', '頭痛、動悸、慢性胃腸炎、胃アトニー', 7.500, '2～3回に分割し、食前又は食間に経口投与', '460026_5200037D1021_1_09_ツムラ桂枝人参湯エキス顆粒（医療用）.pdf', '082', '2026-06-18 15:09:52', '2026-06-18 16:03:07'),
  (33, '25', 'ツムラ桂枝茯苓丸エキス顆粒', 'ケイシブクリョウガン', '体格はしっかりしていて赤ら顔が多く、腹部は大体充実、下腹部に抵抗のあるものの', '子宮並びにその付属器の炎症、子宮内膜炎、月経不順、月経困難、帯下、更年期障害（頭痛、めまい、のぼせ、肩こり等）、冷え症、腹膜炎、打撲症、痔疾患、睾丸炎', 7.500, '2～3回に分割し、食前又は食間に経口投与', '460026_5200038D1093_1_12_ツムラ桂枝茯苓丸エキス顆粒（医療用）.pdf', '025', '2026-06-18 15:10:04', '2026-06-18 16:03:39'),
  (34, '125', 'ツムラ桂枝茯苓丸加薏苡仁エキス顆粒', 'ケイシブクリョウガンカヨクイニン', '比較的体力があり、ときに下腹部痛、肩こり、頭重、めまい、のぼせて足冷えなどを訴えるものの', '月経不順、血の道症、にきび、しみ、手足のあれ', 7.500, '2～3回に分割し、食前又は食間に経口投与', '460026_5200039D1039_1_08_ツムラ桂枝茯苓丸加よく苡仁エキス顆粒（医療用）.pdf', '125', '2026-06-18 15:10:15', '2026-06-18 16:04:23'),
  (35, '128', 'ツムラ啓脾湯エキス顆粒', 'ケイヒトウ', 'やせて、顔色が悪く、食欲がなく、下痢の傾向があるものの', '胃腸虚弱、慢性胃腸炎、消化不良、下痢', 7.500, '2～3回に分割し、食前又は食間に経口投与', '460026_5200041D1028_1_11_ツムラ啓脾湯エキス顆粒（医療用）.pdf', '128', '2026-06-18 15:10:24', '2026-06-18 16:04:54'),
  (36, '107', 'ツムラ牛車腎気丸エキス顆粒', 'ゴシャジンキガン', '疲れやすくて、四肢が冷えやすく尿量減少または多尿で時に口渇がある', '下肢痛、腰痛、しびれ、老人のかすみ目、かゆみ、排尿困難、頻尿、むくみ', 7.500, '2～3回に分割し、食前又は食間に経口投与', '460026_5200025D1029_1_16_ツムラ牛車腎気丸エキス顆粒（医療用）.pdf', '107', '2026-06-18 16:20:03', '2026-06-18 16:20:03'),
  (37, '70', 'ツムラ香蘇散エキス顆粒', 'コウソサン', '胃腸虚弱で神経質の人の風邪の初期', '風邪の初期', 7.500, '2～3回に分割し、食前又は食間に経口投与', '460026_5200043D1027_1_09_ツムラ香蘇散エキス顆粒（医療用）.pdf', '070', '2026-06-18 16:21:02', '2026-06-18 16:21:02'),
  (38, '95', 'ツムラ五虎湯エキス顆粒', 'ゴコトウ', 'せき、気管支ぜんそく', 'せき、気管支ぜんそく', 7.500, '2～3回に分割し、食前又は食間に経口投与', '460026_5200044D1030_1_10_ツムラ五虎湯エキス顆粒（医療用）.pdf', '095', '2026-06-18 16:22:22', '2026-06-18 16:22:22'),
  (39, '63', 'ツムラ五積散エキス顆粒', 'ゴシャクサン', '慢性に経過し、症状の激しくない', '胃腸炎、腰痛、神経痛、関節痛、月経痛、頭痛、冷え症、更年期障害、感冒', 7.500, '2～3回に分割し、食前又は食間に経口投与', '460026_5200045D1034_1_09_ツムラ五積散エキス顆粒（医療用）.pdf', '063', '2026-06-18 16:23:07', '2026-06-18 16:23:07');

-- kampo_ingredients
INSERT INTO kampo_ingredients (id, ingredient_name, created_at, updated_at) VALUES
  (1, 'ケイヒ', '2026-06-18 12:34:36', '2026-06-18 12:34:36'),
  (2, 'エンゴサク', '2026-06-18 12:34:36', '2026-06-18 12:34:36'),
  (3, 'ボレイ', '2026-06-18 12:34:36', '2026-06-18 12:34:36'),
  (4, 'ウイキョウ', '2026-06-18 12:34:36', '2026-06-18 12:34:36'),
  (5, 'カンゾウ', '2026-06-18 12:34:36', '2026-06-18 12:34:36'),
  (6, 'シュクシャ', '2026-06-18 12:34:36', '2026-06-18 12:34:36'),
  (7, 'リョウキョウ', '2026-06-18 12:34:36', '2026-06-18 12:34:36'),
  (8, 'コウボク', '2026-06-18 12:41:38', '2026-06-18 12:41:38'),
  (9, 'ソウジュツ', '2026-06-18 12:41:38', '2026-06-18 12:41:38'),
  (10, 'タクシャ', '2026-06-18 12:41:38', '2026-06-18 12:41:38'),
  (11, 'チョレイ', '2026-06-18 12:41:38', '2026-06-18 12:41:38'),
  (12, 'チンピ', '2026-06-18 12:41:38', '2026-06-18 12:41:38'),
  (13, 'ビャクジュツ', '2026-06-18 12:41:38', '2026-06-18 12:41:38'),
  (14, 'ブクリョウ', '2026-06-18 12:41:38', '2026-06-18 12:41:38'),
  (15, 'ショウキョウ', '2026-06-18 12:41:38', '2026-06-18 12:41:38'),
  (16, 'タイソウ', '2026-06-18 12:41:38', '2026-06-18 12:41:38'),
  (17, 'インチンコウ', '2026-06-18 12:43:18', '2026-06-18 12:43:18'),
  (18, 'サンシシ', '2026-06-18 12:43:18', '2026-06-18 12:43:18'),
  (19, 'ダイオウ', '2026-06-18 12:43:18', '2026-06-18 12:43:18'),
  (20, 'バクモンドウ', '2026-06-18 13:13:38', '2026-06-18 13:13:38'),
  (21, 'ハンゲ', '2026-06-18 13:13:38', '2026-06-18 13:13:38'),
  (22, 'トウキ', '2026-06-18 13:13:38', '2026-06-18 13:13:38'),
  (23, 'シャクヤク', '2026-06-18 13:13:38', '2026-06-18 13:13:38'),
  (24, 'センキュウ', '2026-06-18 13:13:38', '2026-06-18 13:13:38'),
  (25, 'ニンジン', '2026-06-18 13:13:38', '2026-06-18 13:13:38'),
  (26, 'ボタンピ', '2026-06-18 13:13:38', '2026-06-18 13:13:38'),
  (27, 'ゴシュユ', '2026-06-18 13:13:38', '2026-06-18 13:13:38'),
  (28, 'アキョウ', '2026-06-18 13:13:38', '2026-06-18 13:13:38'),
  (29, 'ジオウ', '2026-06-18 13:13:54', '2026-06-18 13:13:54'),
  (30, 'オウゴン', '2026-06-18 13:13:54', '2026-06-18 13:13:54'),
  (31, 'オウバク', '2026-06-18 13:13:54', '2026-06-18 13:13:54'),
  (32, 'オウレン', '2026-06-18 13:13:54', '2026-06-18 13:13:54'),
  (33, 'セッコウ', '2026-06-18 13:51:49', '2026-06-18 13:51:49'),
  (34, 'マオウ', '2026-06-18 13:51:49', '2026-06-18 13:51:49'),
  (35, 'オウギ', '2026-06-18 13:52:55', '2026-06-18 13:52:55'),
  (36, 'サイコ', '2026-06-18 13:54:57', '2026-06-18 13:54:57'),
  (37, 'ショウマ', '2026-06-18 13:54:57', '2026-06-18 13:54:57'),
  (38, 'カンキョウ', '2026-06-18 13:57:35', '2026-06-18 13:57:35'),
  (39, 'カッコン', '2026-06-18 14:44:42', '2026-06-18 14:44:42'),
  (40, 'サンソウニン', '2026-06-18 14:45:18', '2026-06-18 14:45:18'),
  (41, 'リュウガンニク', '2026-06-18 14:45:18', '2026-06-18 14:45:18'),
  (42, 'オンジ', '2026-06-18 14:45:18', '2026-06-18 14:45:18'),
  (43, 'モッコウ', '2026-06-18 14:45:18', '2026-06-18 14:45:18'),
  (44, 'ハッカ', '2026-06-18 14:45:31', '2026-06-18 14:45:31'),
  (45, 'シンイ', '2026-06-18 14:52:20', '2026-06-18 14:52:20'),
  (46, 'ショウバク', '2026-06-18 14:58:29', '2026-06-18 14:58:29'),
  (47, 'キキョウ', '2026-06-18 14:58:47', '2026-06-18 14:58:47'),
  (48, 'ガイヨウ', '2026-06-18 14:59:25', '2026-06-18 14:59:25'),
  (49, 'キジツ', '2026-06-18 15:03:20', '2026-06-18 15:03:20'),
  (50, 'ケイガイ', '2026-06-18 15:03:20', '2026-06-18 15:03:20'),
  (51, 'ビャクシ', '2026-06-18 15:03:20', '2026-06-18 15:03:20'),
  (52, 'ボウフウ', '2026-06-18 15:03:20', '2026-06-18 15:03:20'),
  (53, 'レンギョウ', '2026-06-18 15:03:20', '2026-06-18 15:03:20'),
  (54, 'ブシ末', '2026-06-18 15:04:01', '2026-06-18 15:04:01'),
  (55, 'リュウコツ', '2026-06-18 15:05:17', '2026-06-18 15:05:17'),
  (56, 'トウニン', '2026-06-18 15:10:04', '2026-06-18 15:10:04'),
  (57, 'ヨクイニン', '2026-06-18 15:10:15', '2026-06-18 15:10:15'),
  (58, 'サンヤク', '2026-06-18 15:10:24', '2026-06-18 15:10:24'),
  (59, 'レンニク', '2026-06-18 15:10:24', '2026-06-18 15:10:24'),
  (60, 'サンザシ', '2026-06-18 15:10:24', '2026-06-18 15:10:24'),
  (61, 'ゴシツ', '2026-06-18 16:20:03', '2026-06-18 16:20:03'),
  (62, 'サンシュユ', '2026-06-18 16:20:03', '2026-06-18 16:20:03'),
  (63, 'シャゼンシ', '2026-06-18 16:20:03', '2026-06-18 16:20:03'),
  (64, 'コウブシ', '2026-06-18 16:21:02', '2026-06-18 16:21:02'),
  (65, 'ソヨウ', '2026-06-18 16:21:02', '2026-06-18 16:21:02'),
  (66, 'キョウニン', '2026-06-18 16:22:22', '2026-06-18 16:22:22'),
  (67, 'ソウハクヒ', '2026-06-18 16:22:22', '2026-06-18 16:22:22');

-- kampo_product_ingredients
INSERT INTO kampo_product_ingredients (id, product_id, ingredient_id, amount_value, amount_unit, sort_order, raw_amount_text, created_at, updated_at) VALUES
  (1, 5, 1, 4.000, 'g', 1, '日局ケイヒ    4.0g', '2026-06-18 12:34:36', '2026-06-18 12:34:36'),
  (2, 5, 2, 3.000, 'g', 2, '日局エンゴサク  3.0g', '2026-06-18 12:34:36', '2026-06-18 12:34:36'),
  (3, 5, 3, 3.000, 'g', 3, '日局ボレイ    3.0g', '2026-06-18 12:34:36', '2026-06-18 12:34:36'),
  (4, 5, 4, 1.500, 'g', 4, '日局ウイキョウ  1.5g', '2026-06-18 12:34:36', '2026-06-18 12:34:36'),
  (5, 5, 5, 1.000, 'g', 5, '日局カンゾウ  1.0g', '2026-06-18 12:34:36', '2026-06-18 12:34:36'),
  (6, 5, 6, 1.000, 'g', 6, '日局シュクシャ  1.0g', '2026-06-18 12:34:36', '2026-06-18 12:34:36'),
  (7, 5, 7, 0.500, 'g', 7, '日局リョウキョウ      0.5g', '2026-06-18 12:34:36', '2026-06-18 12:34:36'),
  (8, 7, 8, 2.500, 'g', 1, '日局コウボク  2.5g', '2026-06-18 12:41:38', '2026-06-18 12:41:38'),
  (9, 7, 9, 2.500, 'g', 2, '日局ソウジュツ  2.5g', '2026-06-18 12:41:38', '2026-06-18 12:41:38'),
  (10, 7, 10, 2.500, 'g', 3, '日局タクシャ  2.5g', '2026-06-18 12:41:38', '2026-06-18 12:41:38'),
  (11, 7, 11, 2.500, 'g', 4, '日局チョレイ  2.5g', '2026-06-18 12:41:38', '2026-06-18 12:41:38'),
  (12, 7, 12, 2.500, 'g', 5, '日局チンピ    2.5g', '2026-06-18 12:41:38', '2026-06-18 12:41:38'),
  (13, 7, 13, 2.500, 'g', 6, '日局ビャクジュツ    2.5g', '2026-06-18 12:41:38', '2026-06-18 12:41:38'),
  (14, 7, 14, 2.500, 'g', 7, '日局ブクリョウ  2.5g', '2026-06-18 12:41:38', '2026-06-18 12:41:38'),
  (15, 7, 1, 2.000, 'g', 8, '日局ケイヒ  2.0g', '2026-06-18 12:41:38', '2026-06-18 12:41:38'),
  (16, 7, 15, 1.500, 'g', 9, '日局ショウキョウ    1.5g', '2026-06-18 12:41:38', '2026-06-18 12:41:38'),
  (17, 7, 16, 1.500, 'g', 10, '日局タイソウ  1.5g', '2026-06-18 12:41:38', '2026-06-18 12:41:38'),
  (18, 7, 5, 1.000, 'g', 11, '日局カンゾウ  1.0g', '2026-06-18 12:41:38', '2026-06-18 12:41:38'),
  (19, 8, 17, 4.000, 'g', 1, '日局インチンコウ      4.0g', '2026-06-18 12:43:18', '2026-06-18 12:43:18'),
  (20, 8, 18, 3.000, 'g', 2, '日局サンシシ      3.0g', '2026-06-18 12:43:18', '2026-06-18 12:43:18'),
  (21, 8, 19, 1.000, 'g', 3, '日局ダイオウ      1.0g', '2026-06-18 12:43:18', '2026-06-18 12:43:18'),
  (22, 9, 10, 6.000, 'g', 1, '日局タクシャ    6.0g', '2026-06-18 12:45:03', '2026-06-18 12:45:03'),
  (23, 9, 9, 4.500, 'g', 2, '日局ソウジュツ  4.5g', '2026-06-18 12:45:03', '2026-06-18 12:45:03'),
  (24, 9, 11, 4.500, 'g', 3, '日局チョレイ    4.5g', '2026-06-18 12:45:03', '2026-06-18 12:45:03'),
  (25, 9, 14, 4.500, 'g', 4, '日局ブクリョウ  4.5g', '2026-06-18 12:45:03', '2026-06-18 12:45:03'),
  (26, 9, 17, 4.000, 'g', 5, '日局インチンコウ      4.0g', '2026-06-18 12:45:03', '2026-06-18 12:45:03'),
  (27, 9, 1, 2.500, 'g', 6, '日局ケイヒ      2.5g', '2026-06-18 12:45:03', '2026-06-18 12:45:03'),
  (28, 10, 20, 4.000, 'g', 1, '日局バクモンドウ    4.0g', '2026-06-18 13:13:38', '2026-06-18 13:13:38'),
  (29, 10, 21, 4.000, 'g', 2, '日局ハンゲ    4.0g', '2026-06-18 13:13:38', '2026-06-18 13:13:38'),
  (30, 10, 22, 3.000, 'g', 3, '日局トウキ    3.0g', '2026-06-18 13:13:38', '2026-06-18 13:13:38'),
  (31, 10, 5, 2.000, 'g', 4, '日局カンゾウ    2.0g', '2026-06-18 13:13:38', '2026-06-18 13:13:38'),
  (32, 10, 1, 2.000, 'g', 5, '日局ケイヒ    2.0g', '2026-06-18 13:13:38', '2026-06-18 13:13:38'),
  (33, 10, 23, 2.000, 'g', 6, '日局シャクヤク    2.0g', '2026-06-18 13:13:38', '2026-06-18 13:13:38'),
  (34, 10, 24, 2.000, 'g', 7, '日局センキュウ  2.0g', '2026-06-18 13:13:38', '2026-06-18 13:13:38'),
  (35, 10, 25, 2.000, 'g', 8, '日局ニンジン  2.0g', '2026-06-18 13:13:38', '2026-06-18 13:13:38'),
  (36, 10, 26, 2.000, 'g', 9, '日局ボタンピ  2.0g', '2026-06-18 13:13:38', '2026-06-18 13:13:38'),
  (37, 10, 27, 1.000, 'g', 10, '日局ゴシュユ  1.0g', '2026-06-18 13:13:38', '2026-06-18 13:13:38'),
  (38, 10, 15, 1.000, 'g', 11, '日局ショウキョウ    1.0g', '2026-06-18 13:13:38', '2026-06-18 13:13:38'),
  (39, 10, 28, 2.000, 'g', 12, 'アキョウ 2.0g', '2026-06-18 13:13:38', '2026-06-18 13:13:38'),
  (40, 11, 29, 3.000, 'g', 1, '日局ジオウ  3.0g', '2026-06-18 13:13:54', '2026-06-18 13:13:54'),
  (41, 11, 23, 3.000, 'g', 2, '日局シャクヤク  3.0g', '2026-06-18 13:13:54', '2026-06-18 13:13:54'),
  (42, 11, 24, 3.000, 'g', 3, '日局センキュウ  3.0g', '2026-06-18 13:13:54', '2026-06-18 13:13:54'),
  (43, 11, 22, 3.000, 'g', 4, '日局トウキ    3.0g', '2026-06-18 13:13:54', '2026-06-18 13:13:54'),
  (44, 11, 30, 1.500, 'g', 5, '日局オウゴン  1.5g', '2026-06-18 13:13:54', '2026-06-18 13:13:54'),
  (45, 11, 31, 1.500, 'g', 6, '日局オウバク  1.5g', '2026-06-18 13:13:54', '2026-06-18 13:13:54'),
  (46, 11, 32, 1.500, 'g', 7, '日局オウレン  1.5g', '2026-06-18 13:13:54', '2026-06-18 13:13:54'),
  (47, 11, 18, 1.500, 'g', 8, '日局サンシシ  1.5g', '2026-06-18 13:13:54', '2026-06-18 13:13:54'),
  (48, 12, 33, 8.000, 'g', 1, '日局セッコウ    8.0g', '2026-06-18 13:51:49', '2026-06-18 13:51:49'),
  (49, 12, 34, 6.000, 'g', 2, '日局マオウ    6.0g', '2026-06-18 13:51:49', '2026-06-18 13:51:49'),
  (50, 12, 9, 4.000, 'g', 3, '日局ソウジュツ  4.0g', '2026-06-18 13:51:49', '2026-06-18 13:51:49'),
  (51, 12, 16, 3.000, 'g', 4, '日局タイソウ  3.0g', '2026-06-18 13:51:49', '2026-06-18 13:51:49'),
  (52, 12, 5, 2.000, 'g', 5, '日局カンゾウ  2.0g', '2026-06-18 13:51:49', '2026-06-18 13:51:49'),
  (53, 12, 15, 1.000, 'g', 6, '日局ショウキョウ      1.0g', '2026-06-18 13:51:49', '2026-06-18 13:51:49'),
  (54, 13, 23, 6.000, 'g', 1, '日局シャクヤク  6.0g', '2026-06-18 13:52:55', '2026-06-18 13:52:55'),
  (55, 13, 35, 4.000, 'g', 2, '日局オウギ    4.0g', '2026-06-18 13:52:55', '2026-06-18 13:52:55'),
  (56, 13, 1, 4.000, 'g', 3, '日局ケイヒ    4.0g', '2026-06-18 13:52:55', '2026-06-18 13:52:55'),
  (57, 13, 16, 4.000, 'g', 4, '日局タイソウ  4.0g', '2026-06-18 13:52:55', '2026-06-18 13:52:55'),
  (58, 13, 5, 2.000, 'g', 5, '日局カンゾウ  2.0g', '2026-06-18 13:52:55', '2026-06-18 13:52:55'),
  (59, 13, 15, 1.000, 'g', 6, '日局ショウキョウ      1.0g', '2026-06-18 13:52:55', '2026-06-18 13:52:55'),
  (60, 14, 30, 3.000, 'g', 1, '日局オウゴン  3.0g', '2026-06-18 13:53:09', '2026-06-18 13:53:09'),
  (61, 14, 32, 2.000, 'g', 2, '日局オウレン  2.0g', '2026-06-18 13:53:09', '2026-06-18 13:53:09'),
  (62, 14, 18, 2.000, 'g', 3, '日局サンシシ  2.0g', '2026-06-18 13:53:09', '2026-06-18 13:53:09'),
  (63, 14, 31, 1.500, 'g', 4, '日局オウバク  1.5g', '2026-06-18 13:53:09', '2026-06-18 13:53:09'),
  (64, 15, 22, 6.000, 'g', 1, '日局トウキ  6.0g', '2026-06-18 13:54:57', '2026-06-18 13:54:57'),
  (65, 15, 36, 5.000, 'g', 2, '日局サイコ    5.0g', '2026-06-18 13:54:57', '2026-06-18 13:54:57'),
  (66, 15, 30, 3.000, 'g', 3, '日局オウゴン  3.0g', '2026-06-18 13:54:57', '2026-06-18 13:54:57'),
  (67, 15, 5, 2.000, 'g', 4, '日局カンゾウ  2.0g', '2026-06-18 13:54:57', '2026-06-18 13:54:57'),
  (68, 15, 37, 1.000, 'g', 5, '日局ショウマ  1.0g', '2026-06-18 13:54:57', '2026-06-18 13:54:57'),
  (69, 15, 19, 0.500, 'g', 6, '日局ダイオウ  0.5g', '2026-06-18 13:54:57', '2026-06-18 13:54:57'),
  (70, 17, 21, 6.000, 'g', 1, '日局ハンゲ  6.0g', '2026-06-18 13:57:35', '2026-06-18 13:57:35'),
  (71, 17, 32, 3.000, 'g', 2, '日局オウレン    3.0g', '2026-06-18 13:57:35', '2026-06-18 13:57:35'),
  (72, 17, 38, 3.000, 'g', 3, '日局カンキョウ  3.0g', '2026-06-18 13:57:35', '2026-06-18 13:57:35'),
  (73, 17, 5, 3.000, 'g', 4, '日局カンゾウ    3.0g', '2026-06-18 13:57:35', '2026-06-18 13:57:35'),
  (74, 17, 1, 3.000, 'g', 5, '日局ケイヒ  3.0g', '2026-06-18 13:57:35', '2026-06-18 13:57:35'),
  (75, 17, 16, 3.000, 'g', 6, '日局タイソウ  3.0g', '2026-06-18 13:57:35', '2026-06-18 13:57:35'),
  (76, 17, 25, 3.000, 'g', 7, '日局ニンジン  3.0g', '2026-06-18 13:57:35', '2026-06-18 13:57:35'),
  (77, 18, 39, 4.000, 'g', 1, '日局カッコン  4.0g', '2026-06-18 14:44:42', '2026-06-18 14:44:42'),
  (78, 18, 16, 3.000, 'g', 2, '日局タイソウ  3.0g', '2026-06-18 14:44:42', '2026-06-18 14:44:42'),
  (79, 18, 34, 3.000, 'g', 3, '日局マオウ    3.0g', '2026-06-18 14:44:42', '2026-06-18 14:44:42'),
  (80, 18, 5, 2.000, 'g', 4, '日局カンゾウ  2.0g', '2026-06-18 14:44:42', '2026-06-18 14:44:42'),
  (81, 18, 1, 2.000, 'g', 5, '日局ケイヒ  2.0g', '2026-06-18 14:44:42', '2026-06-18 14:44:42'),
  (82, 18, 23, 2.000, 'g', 6, '日局シャクヤク  2.0g', '2026-06-18 14:44:42', '2026-06-18 14:44:42'),
  (83, 18, 15, 2.000, 'g', 7, '日局ショウキョウ      2.0g', '2026-06-18 14:44:42', '2026-06-18 14:44:42'),
  (84, 19, 35, 3.000, 'g', 1, '日局オウギ  3.0g', '2026-06-18 14:45:18', '2026-06-18 14:45:18'),
  (85, 19, 36, 3.000, 'g', 2, '日局サイコ  3.0g', '2026-06-18 14:45:18', '2026-06-18 14:45:18'),
  (86, 19, 40, 3.000, 'g', 3, '日局サンソウニン    3.0g', '2026-06-18 14:45:18', '2026-06-18 14:45:18'),
  (87, 19, 9, 3.000, 'g', 4, '日局ソウジュツ  3.0g', '2026-06-18 14:45:18', '2026-06-18 14:45:18'),
  (88, 19, 25, 3.000, 'g', 5, '日局ニンジン    3.0g', '2026-06-18 14:45:18', '2026-06-18 14:45:18'),
  (89, 19, 14, 3.000, 'g', 6, '日局ブクリョウ  3.0g', '2026-06-18 14:45:18', '2026-06-18 14:45:18'),
  (90, 19, 41, 3.000, 'g', 7, '日局リュウガンニク   3.0g', '2026-06-18 14:45:18', '2026-06-18 14:45:18'),
  (91, 19, 42, 2.000, 'g', 8, '日局オンジ  2.0g', '2026-06-18 14:45:18', '2026-06-18 14:45:18'),
  (92, 19, 18, 2.000, 'g', 9, '日局サンシシ  2.0g', '2026-06-18 14:45:18', '2026-06-18 14:45:18'),
  (93, 19, 16, 2.000, 'g', 10, '日局タイソウ  2.0g', '2026-06-18 14:45:18', '2026-06-18 14:45:18'),
  (94, 19, 22, 2.000, 'g', 11, '日局トウキ  2.0g', '2026-06-18 14:45:18', '2026-06-18 14:45:18'),
  (95, 19, 5, 1.000, 'g', 12, '日局カンゾウ  1.0g', '2026-06-18 14:45:18', '2026-06-18 14:45:18'),
  (96, 19, 15, 1.000, 'g', 13, '日局ショウキョウ    1.0g', '2026-06-18 14:45:18', '2026-06-18 14:45:18'),
  (97, 19, 43, 1.000, 'g', 14, '日局モッコウ    1.0g', '2026-06-18 14:45:18', '2026-06-18 14:45:18'),
  (98, 20, 36, 3.000, 'g', 1, '日局サイコ  3.0g', '2026-06-18 14:45:31', '2026-06-18 14:45:31'),
  (99, 20, 23, 3.000, 'g', 2, '日局シャクヤク  3.0g', '2026-06-18 14:45:31', '2026-06-18 14:45:31'),
  (100, 20, 9, 3.000, 'g', 3, '日局ソウジュツ  3.0g', '2026-06-18 14:45:31', '2026-06-18 14:45:31'),
  (101, 20, 22, 3.000, 'g', 4, '日局トウキ    3.0g', '2026-06-18 14:45:31', '2026-06-18 14:45:31'),
  (102, 20, 14, 3.000, 'g', 5, '日局ブクリョウ  3.0g', '2026-06-18 14:45:31', '2026-06-18 14:45:31'),
  (103, 20, 18, 2.000, 'g', 6, '日局サンシシ  2.0g', '2026-06-18 14:45:31', '2026-06-18 14:45:31'),
  (104, 20, 26, 2.000, 'g', 7, '日局ボタンピ  2.0g', '2026-06-18 14:45:31', '2026-06-18 14:45:31'),
  (105, 20, 5, 1.500, 'g', 8, '日局カンゾウ  1.5g', '2026-06-18 14:45:31', '2026-06-18 14:45:31'),
  (106, 20, 15, 1.000, 'g', 9, '日局ショウキョウ    1.0g', '2026-06-18 14:45:31', '2026-06-18 14:45:31'),
  (107, 20, 44, 1.000, 'g', 10, '日局ハッカ  1.0g', '2026-06-18 14:45:31', '2026-06-18 14:45:31'),
  (108, 21, 39, 4.000, 'g', 1, '日局カッコン  4.0g', '2026-06-18 14:52:20', '2026-06-18 14:52:20'),
  (109, 21, 16, 3.000, 'g', 2, '日局タイソウ  3.0g', '2026-06-18 14:52:20', '2026-06-18 14:52:20'),
  (110, 21, 34, 3.000, 'g', 3, '日局マオウ    3.0g', '2026-06-18 14:52:20', '2026-06-18 14:52:20'),
  (111, 21, 5, 2.000, 'g', 4, '日局カンゾウ  2.0g', '2026-06-18 14:52:20', '2026-06-18 14:52:20'),
  (112, 21, 1, 2.000, 'g', 5, '日局ケイヒ  2.0g', '2026-06-18 14:52:20', '2026-06-18 14:52:20'),
  (113, 21, 23, 2.000, 'g', 6, '日局シャクヤク  2.0g', '2026-06-18 14:52:20', '2026-06-18 14:52:20'),
  (114, 21, 45, 2.000, 'g', 7, '日局シンイ  2.0g', '2026-06-18 14:52:20', '2026-06-18 14:52:20'),
  (115, 21, 24, 2.000, 'g', 8, '日局センキュウ  2.0g', '2026-06-18 14:52:20', '2026-06-18 14:52:20'),
  (116, 21, 15, 1.000, 'g', 9, '日局ショウキョウ    1.0g', '2026-06-18 14:52:20', '2026-06-18 14:52:20'),
  (117, 22, 16, 6.000, 'g', 1, '日局タイソウ      6.0g', '2026-06-18 14:58:29', '2026-06-18 14:58:29'),
  (118, 22, 5, 5.000, 'g', 2, '日局カンゾウ  5.0g', '2026-06-18 14:58:29', '2026-06-18 14:58:29'),
  (119, 22, 46, 20.000, 'g', 3, 'ショウバク      20.0g', '2026-06-18 14:58:29', '2026-06-18 14:58:29'),
  (120, 23, 5, 3.000, 'g', 1, '日局カンゾウ      3.0g', '2026-06-18 14:58:47', '2026-06-18 14:58:47'),
  (121, 23, 47, 2.000, 'g', 2, '日局キキョウ      2.0g', '2026-06-18 14:58:47', '2026-06-18 14:58:47'),
  (122, 24, 35, 3.000, 'g', 1, '日局オウギ      3.0g', '2026-06-18 14:59:03', '2026-06-18 14:59:03'),
  (123, 24, 40, 3.000, 'g', 2, '日局サンソウニン    3.0g', '2026-06-18 14:59:03', '2026-06-18 14:59:03'),
  (124, 24, 25, 3.000, 'g', 3, '日局ニンジン    3.0g', '2026-06-18 14:59:03', '2026-06-18 14:59:03'),
  (125, 24, 13, 3.000, 'g', 4, '日局ビャクジュツ    3.0g', '2026-06-18 14:59:03', '2026-06-18 14:59:03'),
  (126, 24, 14, 3.000, 'g', 5, '日局ブクリョウ  3.0g', '2026-06-18 14:59:03', '2026-06-18 14:59:03'),
  (127, 24, 41, 3.000, 'g', 6, '日局リュウガンニク   3.0g', '2026-06-18 14:59:03', '2026-06-18 14:59:03'),
  (128, 24, 42, 2.000, 'g', 7, '日局オンジ  2.0g', '2026-06-18 14:59:03', '2026-06-18 14:59:03'),
  (129, 24, 16, 2.000, 'g', 8, '日局タイソウ  2.0g', '2026-06-18 14:59:03', '2026-06-18 14:59:03'),
  (130, 24, 22, 2.000, 'g', 9, '日局トウキ  2.0g', '2026-06-18 14:59:03', '2026-06-18 14:59:03'),
  (131, 24, 5, 1.000, 'g', 10, '日局カンゾウ  1.0g', '2026-06-18 14:59:03', '2026-06-18 14:59:03'),
  (132, 24, 15, 1.000, 'g', 11, '日局ショウキョウ    1.0g', '2026-06-18 14:59:03', '2026-06-18 14:59:03'),
  (133, 24, 43, 1.000, 'g', 12, '日局モッコウ    1.0g', '2026-06-18 14:59:03', '2026-06-18 14:59:03'),
  (134, 25, 29, 5.000, 'g', 1, '日局ジオウ  5.0g', '2026-06-18 14:59:25', '2026-06-18 14:59:25'),
  (135, 25, 23, 4.000, 'g', 2, '日局シャクヤク  4.0g', '2026-06-18 14:59:25', '2026-06-18 14:59:25'),
  (136, 25, 22, 4.000, 'g', 3, '日局トウキ      4.0g', '2026-06-18 14:59:25', '2026-06-18 14:59:25'),
  (137, 25, 48, 3.000, 'g', 4, '日局ガイヨウ  3.0g', '2026-06-18 14:59:25', '2026-06-18 14:59:25'),
  (138, 25, 5, 3.000, 'g', 5, '日局カンゾウ  3.0g', '2026-06-18 14:59:25', '2026-06-18 14:59:25'),
  (139, 25, 24, 3.000, 'g', 6, '日局センキュウ  3.0g', '2026-06-18 14:59:25', '2026-06-18 14:59:25'),
  (140, 25, 28, 3.000, 'g', 7, 'アキョウ  3.0g', '2026-06-18 14:59:25', '2026-06-18 14:59:25'),
  (141, 26, 30, 1.500, 'g', 1, '日局オウゴン  1.5g', '2026-06-18 15:03:20', '2026-06-18 15:03:20'),
  (142, 26, 31, 1.500, 'g', 2, '日局オウバク  1.5g', '2026-06-18 15:03:20', '2026-06-18 15:03:20'),
  (143, 26, 32, 1.500, 'g', 3, '日局オウレン  1.5g', '2026-06-18 15:03:20', '2026-06-18 15:03:20'),
  (144, 26, 47, 1.500, 'g', 4, '日局キキョウ  1.5g', '2026-06-18 15:03:20', '2026-06-18 15:03:20'),
  (145, 26, 49, 1.500, 'g', 5, '日局キジツ    1.5g', '2026-06-18 15:03:20', '2026-06-18 15:03:20'),
  (146, 26, 50, 1.500, 'g', 6, '日局ケイガイ  1.5g', '2026-06-18 15:03:20', '2026-06-18 15:03:20'),
  (147, 26, 36, 1.500, 'g', 7, '日局サイコ    1.5g', '2026-06-18 15:03:20', '2026-06-18 15:03:20'),
  (148, 26, 18, 1.500, 'g', 8, '日局サンシシ  1.5g', '2026-06-18 15:03:20', '2026-06-18 15:03:20'),
  (149, 26, 29, 1.500, 'g', 9, '日局ジオウ    1.5g', '2026-06-18 15:03:20', '2026-06-18 15:03:20'),
  (150, 26, 23, 1.500, 'g', 10, '日局シャクヤク  1.5g', '2026-06-18 15:03:20', '2026-06-18 15:03:20'),
  (151, 26, 24, 1.500, 'g', 11, '日局センキュウ  1.5g', '2026-06-18 15:03:20', '2026-06-18 15:03:20'),
  (152, 26, 22, 1.500, 'g', 12, '日局トウキ  1.5g', '2026-06-18 15:03:20', '2026-06-18 15:03:20'),
  (153, 26, 44, 1.500, 'g', 13, '日局ハッカ  1.5g', '2026-06-18 15:03:20', '2026-06-18 15:03:20'),
  (154, 26, 51, 1.500, 'g', 14, '日局ビャクシ  1.5g', '2026-06-18 15:03:20', '2026-06-18 15:03:20'),
  (155, 26, 52, 1.500, 'g', 15, '日局ボウフウ  1.5g', '2026-06-18 15:03:20', '2026-06-18 15:03:20'),
  (156, 26, 53, 1.500, 'g', 16, '日局レンギョウ  1.5g', '2026-06-18 15:03:20', '2026-06-18 15:03:20'),
  (157, 26, 5, 1.000, 'g', 17, '日局カンゾウ  1.0g', '2026-06-18 15:03:20', '2026-06-18 15:03:20'),
  (158, 27, 23, 6.000, 'g', 1, '日局シャクヤク      6.0g', '2026-06-18 15:03:30', '2026-06-18 15:03:30'),
  (159, 27, 1, 4.000, 'g', 2, '日局ケイヒ      4.0g', '2026-06-18 15:03:30', '2026-06-18 15:03:30'),
  (160, 27, 16, 4.000, 'g', 3, '日局タイソウ  4.0g', '2026-06-18 15:03:30', '2026-06-18 15:03:30'),
  (161, 27, 5, 2.000, 'g', 4, '日局カンゾウ      2.0g', '2026-06-18 15:03:30', '2026-06-18 15:03:30'),
  (162, 27, 15, 1.000, 'g', 5, '日局ショウキョウ      1.0g', '2026-06-18 15:03:30', '2026-06-18 15:03:30'),
  (163, 28, 23, 6.000, 'g', 1, '日局シャクヤク  6.0g', '2026-06-18 15:03:40', '2026-06-18 15:03:40'),
  (164, 28, 1, 4.000, 'g', 2, '日局ケイヒ    4.0g', '2026-06-18 15:03:40', '2026-06-18 15:03:40'),
  (165, 28, 16, 4.000, 'g', 3, '日局タイソウ    4.0g', '2026-06-18 15:03:40', '2026-06-18 15:03:40'),
  (166, 28, 5, 2.000, 'g', 4, '日局カンゾウ  2.0g', '2026-06-18 15:03:40', '2026-06-18 15:03:40'),
  (167, 28, 19, 2.000, 'g', 5, '日局ダイオウ  2.0g', '2026-06-18 15:03:40', '2026-06-18 15:03:40'),
  (168, 28, 15, 1.000, 'g', 6, '日局ショウキョウ      1.0g', '2026-06-18 15:03:40', '2026-06-18 15:03:40'),
  (169, 29, 1, 4.000, 'g', 1, '日局ケイヒ      4.0g', '2026-06-18 15:04:01', '2026-06-18 15:04:01'),
  (170, 29, 23, 4.000, 'g', 2, '日局シャクヤク  4.0g', '2026-06-18 15:04:01', '2026-06-18 15:04:01'),
  (171, 29, 9, 4.000, 'g', 3, '日局ソウジュツ  4.0g', '2026-06-18 15:04:01', '2026-06-18 15:04:01'),
  (172, 29, 16, 4.000, 'g', 4, '日局タイソウ  4.0g', '2026-06-18 15:04:01', '2026-06-18 15:04:01'),
  (173, 29, 5, 2.000, 'g', 5, '日局カンゾウ  2.0g', '2026-06-18 15:04:01', '2026-06-18 15:04:01'),
  (174, 29, 15, 1.000, 'g', 6, '日局ショウキョウ      1.0g', '2026-06-18 15:04:01', '2026-06-18 15:04:01'),
  (175, 29, 54, 0.500, 'g', 7, '日局ブシ末      0.5g', '2026-06-18 15:04:01', '2026-06-18 15:04:01'),
  (176, 30, 1, 4.000, 'g', 1, '日局ケイヒ    4.0g', '2026-06-18 15:05:17', '2026-06-18 15:05:17'),
  (177, 30, 23, 4.000, 'g', 2, '日局シャクヤク  4.0g', '2026-06-18 15:05:17', '2026-06-18 15:05:17'),
  (178, 30, 16, 4.000, 'g', 3, '日局タイソウ    4.0g', '2026-06-18 15:05:17', '2026-06-18 15:05:17'),
  (179, 30, 3, 3.000, 'g', 4, '日局ボレイ  3.0g', '2026-06-18 15:05:17', '2026-06-18 15:05:17'),
  (180, 30, 55, 3.000, 'g', 5, '日局リュウコツ  3.0g', '2026-06-18 15:05:17', '2026-06-18 15:05:17'),
  (181, 30, 5, 2.000, 'g', 6, '日局カンゾウ  2.0g', '2026-06-18 15:05:17', '2026-06-18 15:05:17'),
  (182, 30, 15, 1.500, 'g', 7, '日局ショウキョウ      1.5g', '2026-06-18 15:05:17', '2026-06-18 15:05:17'),
  (183, 31, 1, 4.000, 'g', 1, '日局ケイヒ      4.0g', '2026-06-18 15:09:42', '2026-06-18 15:09:42'),
  (184, 31, 23, 4.000, 'g', 2, '日局シャクヤク      4.0g', '2026-06-18 15:09:42', '2026-06-18 15:09:42'),
  (185, 31, 16, 4.000, 'g', 3, '日局タイソウ  4.0g', '2026-06-18 15:09:42', '2026-06-18 15:09:42'),
  (186, 31, 5, 2.000, 'g', 4, '日局カンゾウ      2.0g', '2026-06-18 15:09:42', '2026-06-18 15:09:42'),
  (187, 31, 15, 1.500, 'g', 5, '日局ショウキョウ      1.5g', '2026-06-18 15:09:42', '2026-06-18 15:09:42'),
  (188, 32, 1, 4.000, 'g', 1, '日局ケイヒ  4.0g', '2026-06-18 15:09:52', '2026-06-18 15:09:52'),
  (189, 32, 5, 3.000, 'g', 2, '日局カンゾウ    3.0g', '2026-06-18 15:09:52', '2026-06-18 15:09:52'),
  (190, 32, 9, 3.000, 'g', 3, '日局ソウジュツ  3.0g', '2026-06-18 15:09:52', '2026-06-18 15:09:52'),
  (191, 32, 25, 3.000, 'g', 4, '日局ニンジン  3.0g', '2026-06-18 15:09:52', '2026-06-18 15:09:52'),
  (192, 32, 38, 2.000, 'g', 5, '日局カンキョウ  2.0g', '2026-06-18 15:09:52', '2026-06-18 15:09:52'),
  (193, 33, 1, 3.000, 'g', 1, '日局ケイヒ  3.0g', '2026-06-18 15:10:04', '2026-06-18 15:10:04'),
  (194, 33, 23, 3.000, 'g', 2, '日局シャクヤク  3.0g', '2026-06-18 15:10:04', '2026-06-18 15:10:04'),
  (195, 33, 56, 3.000, 'g', 3, '日局トウニン    3.0g', '2026-06-18 15:10:04', '2026-06-18 15:10:04'),
  (196, 33, 14, 3.000, 'g', 4, '日局ブクリョウ  3.0g', '2026-06-18 15:10:04', '2026-06-18 15:10:04'),
  (197, 33, 26, 3.000, 'g', 5, '日局ボタンピ  3.0g', '2026-06-18 15:10:04', '2026-06-18 15:10:04'),
  (198, 34, 57, 10.000, 'g', 1, '日局ヨクイニン      10.0g', '2026-06-18 15:10:15', '2026-06-18 15:10:15'),
  (199, 34, 1, 4.000, 'g', 2, '日局ケイヒ    4.0g', '2026-06-18 15:10:15', '2026-06-18 15:10:15'),
  (200, 34, 23, 4.000, 'g', 3, '日局シャクヤク  4.0g', '2026-06-18 15:10:15', '2026-06-18 15:10:15'),
  (201, 34, 56, 4.000, 'g', 4, '日局トウニン  4.0g', '2026-06-18 15:10:15', '2026-06-18 15:10:15'),
  (202, 34, 14, 4.000, 'g', 5, '日局ブクリョウ  4.0g', '2026-06-18 15:10:15', '2026-06-18 15:10:15'),
  (203, 34, 26, 4.000, 'g', 6, '日局ボタンピ  4.0g', '2026-06-18 15:10:15', '2026-06-18 15:10:15'),
  (204, 35, 9, 4.000, 'g', 1, '日局ソウジュツ  4.0g', '2026-06-18 15:10:24', '2026-06-18 15:10:24'),
  (205, 35, 14, 4.000, 'g', 2, '日局ブクリョウ  4.0g', '2026-06-18 15:10:24', '2026-06-18 15:10:24'),
  (206, 35, 58, 3.000, 'g', 3, '日局サンヤク  3.0g', '2026-06-18 15:10:24', '2026-06-18 15:10:24'),
  (207, 35, 25, 3.000, 'g', 4, '日局ニンジン  3.0g', '2026-06-18 15:10:24', '2026-06-18 15:10:24'),
  (208, 35, 59, 3.000, 'g', 5, '日局レンニク  3.0g', '2026-06-18 15:10:24', '2026-06-18 15:10:24'),
  (209, 35, 60, 2.000, 'g', 6, '日局サンザシ  2.0g', '2026-06-18 15:10:24', '2026-06-18 15:10:24'),
  (210, 35, 10, 2.000, 'g', 7, '日局タクシャ  2.0g', '2026-06-18 15:10:24', '2026-06-18 15:10:24'),
  (211, 35, 12, 2.000, 'g', 8, '日局チンピ  2.0g', '2026-06-18 15:10:24', '2026-06-18 15:10:24'),
  (212, 35, 5, 1.000, 'g', 9, '日局カンゾウ  1.0g', '2026-06-18 15:10:24', '2026-06-18 15:10:24'),
  (213, 36, 29, 5.000, 'g', 1, '日局ジオウ  5.0g', '2026-06-18 16:20:03', '2026-06-18 16:20:03'),
  (214, 36, 61, 3.000, 'g', 2, '日局ゴシツ    3.0g', '2026-06-18 16:20:03', '2026-06-18 16:20:03'),
  (215, 36, 62, 3.000, 'g', 3, '日局サンシュユ  3.0g', '2026-06-18 16:20:03', '2026-06-18 16:20:03'),
  (216, 36, 58, 3.000, 'g', 4, '日局サンヤク    3.0g', '2026-06-18 16:20:03', '2026-06-18 16:20:03'),
  (217, 36, 63, 3.000, 'g', 5, '日局シャゼンシ  3.0g', '2026-06-18 16:20:03', '2026-06-18 16:20:03'),
  (218, 36, 10, 3.000, 'g', 6, '日局タクシャ  3.0g', '2026-06-18 16:20:03', '2026-06-18 16:20:03'),
  (219, 36, 14, 3.000, 'g', 7, '日局ブクリョウ  3.0g', '2026-06-18 16:20:03', '2026-06-18 16:20:03'),
  (220, 36, 26, 3.000, 'g', 8, '日局ボタンピ  3.0g', '2026-06-18 16:20:03', '2026-06-18 16:20:03'),
  (221, 36, 1, 1.000, 'g', 9, '日局ケイヒ  1.0g', '2026-06-18 16:20:03', '2026-06-18 16:20:03'),
  (222, 36, 54, 1.000, 'g', 10, '日局ブシ末  1.0g', '2026-06-18 16:20:03', '2026-06-18 16:20:03'),
  (223, 37, 64, 4.000, 'g', 1, '日局コウブシ      4.0g', '2026-06-18 16:21:02', '2026-06-18 16:21:02'),
  (224, 37, 65, 2.000, 'g', 2, '日局ソヨウ      2.0g', '2026-06-18 16:21:02', '2026-06-18 16:21:02'),
  (225, 37, 12, 2.000, 'g', 3, '日局チンピ  2.0g', '2026-06-18 16:21:02', '2026-06-18 16:21:02'),
  (226, 37, 5, 1.500, 'g', 4, '日局カンゾウ      1.5g', '2026-06-18 16:21:02', '2026-06-18 16:21:02'),
  (227, 37, 15, 1.000, 'g', 5, '日局ショウキョウ      1.0g', '2026-06-18 16:21:02', '2026-06-18 16:21:02'),
  (228, 38, 33, 10.000, 'g', 1, '日局セッコウ  10.0g', '2026-06-18 16:22:22', '2026-06-18 16:22:22'),
  (229, 38, 66, 4.000, 'g', 2, '日局キョウニン  4.0g', '2026-06-18 16:22:22', '2026-06-18 16:22:22'),
  (230, 38, 34, 4.000, 'g', 3, '日局マオウ    4.0g', '2026-06-18 16:22:22', '2026-06-18 16:22:22'),
  (231, 38, 67, 3.000, 'g', 4, '日局ソウハクヒ  3.0g', '2026-06-18 16:22:22', '2026-06-18 16:22:22'),
  (232, 38, 5, 2.000, 'g', 5, '日局カンゾウ  2.0g', '2026-06-18 16:22:22', '2026-06-18 16:22:22'),
  (233, 39, 9, 3.000, 'g', 1, '日局ソウジュツ  3.0g', '2026-06-18 16:23:07', '2026-06-18 16:23:07'),
  (234, 39, 12, 2.000, 'g', 2, '日局チンピ  2.0g', '2026-06-18 16:23:07', '2026-06-18 16:23:07'),
  (235, 39, 22, 2.000, 'g', 3, '日局トウキ  2.0g', '2026-06-18 16:23:07', '2026-06-18 16:23:07'),
  (236, 39, 21, 2.000, 'g', 4, '日局ハンゲ    2.0g', '2026-06-18 16:23:07', '2026-06-18 16:23:07'),
  (237, 39, 14, 2.000, 'g', 5, '日局ブクリョウ  2.0g', '2026-06-18 16:23:07', '2026-06-18 16:23:07'),
  (238, 39, 5, 1.000, 'g', 6, '日局カンゾウ    1.0g', '2026-06-18 16:23:07', '2026-06-18 16:23:07'),
  (239, 39, 47, 1.000, 'g', 7, '日局キキョウ    1.0g', '2026-06-18 16:23:07', '2026-06-18 16:23:07'),
  (240, 39, 49, 1.000, 'g', 8, '日局キジツ    1.0g', '2026-06-18 16:23:07', '2026-06-18 16:23:07'),
  (241, 39, 1, 1.000, 'g', 9, '日局ケイヒ  1.0g', '2026-06-18 16:23:07', '2026-06-18 16:23:07'),
  (242, 39, 8, 1.000, 'g', 10, '日局コウボク  1.0g', '2026-06-18 16:23:07', '2026-06-18 16:23:07'),
  (243, 39, 23, 1.000, 'g', 11, '日局シャクヤク  1.0g', '2026-06-18 16:23:07', '2026-06-18 16:23:07'),
  (244, 39, 15, 1.000, 'g', 12, '日局ショウキョウ    1.0g', '2026-06-18 16:23:07', '2026-06-18 16:23:07'),
  (245, 39, 24, 1.000, 'g', 13, '日局センキュウ  1.0g', '2026-06-18 16:23:07', '2026-06-18 16:23:07'),
  (246, 39, 16, 1.000, 'g', 14, '日局タイソウ    1.0g', '2026-06-18 16:23:07', '2026-06-18 16:23:07'),
  (247, 39, 51, 1.000, 'g', 15, '日局ビャクシ    1.0g', '2026-06-18 16:23:07', '2026-06-18 16:23:07'),
  (248, 39, 34, 1.000, 'g', 16, '日局マオウ    1.0g', '2026-06-18 16:23:07', '2026-06-18 16:23:07');

SELECT setval(pg_get_serial_sequence('kampo_products','id'), COALESCE((SELECT MAX(id) FROM kampo_products), 1), EXISTS (SELECT 1 FROM kampo_products));
SELECT setval(pg_get_serial_sequence('kampo_ingredients','id'), COALESCE((SELECT MAX(id) FROM kampo_ingredients), 1), EXISTS (SELECT 1 FROM kampo_ingredients));
SELECT setval(pg_get_serial_sequence('kampo_product_ingredients','id'), COALESCE((SELECT MAX(id) FROM kampo_product_ingredients), 1), EXISTS (SELECT 1 FROM kampo_product_ingredients));

COMMIT;
