-- Kampo database backup
-- Generated at 2026-06-19 00:18:22

-- 漢方薬データベース schema
-- PostgreSQL想定

CREATE EXTENSION IF NOT EXISTS pg_trgm;

CREATE TABLE IF NOT EXISTS kampo_products (
    id BIGSERIAL PRIMARY KEY,
    identification_code VARCHAR(50) NOT NULL,
    sales_name VARCHAR(100) NOT NULL,
    reading VARCHAR(100),
    efficacy_condition_text TEXT NOT NULL,
    efficacy_indication_text TEXT NOT NULL,
    dosage_daily_amount NUMERIC(10,3) NOT NULL,
    dosage_instructions_text TEXT NOT NULL,
    source_file_name VARCHAR(255),
    source_document_no VARCHAR(100),
    created_at TIMESTAMP NOT NULL DEFAULT CURRENT_TIMESTAMP,
    updated_at TIMESTAMP NOT NULL DEFAULT CURRENT_TIMESTAMP,
    CONSTRAINT uq_kampo_products_sales_name UNIQUE (sales_name)
);

ALTER TABLE kampo_products
    ALTER COLUMN reading TYPE VARCHAR(100);

CREATE TABLE IF NOT EXISTS kampo_ingredients (
    id BIGSERIAL PRIMARY KEY,
    ingredient_name VARCHAR(255) NOT NULL,
    created_at TIMESTAMP NOT NULL DEFAULT CURRENT_TIMESTAMP,
    updated_at TIMESTAMP NOT NULL DEFAULT CURRENT_TIMESTAMP,
    CONSTRAINT uq_kampo_ingredients_ingredient_name UNIQUE (ingredient_name)
);

CREATE TABLE IF NOT EXISTS kampo_product_ingredients (
    id BIGSERIAL PRIMARY KEY,
    product_id BIGINT NOT NULL,
    ingredient_id BIGINT NOT NULL,
    amount_value NUMERIC(10,3) NOT NULL,
    amount_unit VARCHAR(20) NOT NULL DEFAULT 'g',
    sort_order INT NOT NULL,
    raw_amount_text TEXT,
    created_at TIMESTAMP NOT NULL DEFAULT CURRENT_TIMESTAMP,
    updated_at TIMESTAMP NOT NULL DEFAULT CURRENT_TIMESTAMP,
    CONSTRAINT fk_kampo_product_ingredients_product
        FOREIGN KEY (product_id) REFERENCES kampo_products(id),
    CONSTRAINT fk_kampo_product_ingredients_ingredient
        FOREIGN KEY (ingredient_id) REFERENCES kampo_ingredients(id),
    CONSTRAINT uq_kampo_product_ingredients_product_ingredient
        UNIQUE (product_id, ingredient_id)
);

CREATE INDEX IF NOT EXISTS idx_kampo_product_ingredients_product_id
    ON kampo_product_ingredients(product_id);

CREATE INDEX IF NOT EXISTS idx_kampo_product_ingredients_ingredient_id
    ON kampo_product_ingredients(ingredient_id);

CREATE INDEX IF NOT EXISTS idx_kampo_product_ingredients_product_sort_id
    ON kampo_product_ingredients(product_id, sort_order, id);

CREATE INDEX IF NOT EXISTS idx_kampo_products_identification_code
    ON kampo_products(identification_code);

CREATE INDEX IF NOT EXISTS idx_kampo_products_sales_name_trgm
    ON kampo_products USING gin (sales_name gin_trgm_ops);

CREATE INDEX IF NOT EXISTS idx_kampo_products_reading_trgm
    ON kampo_products USING gin (reading gin_trgm_ops);

CREATE INDEX IF NOT EXISTS idx_kampo_products_summary_trgm
    ON kampo_products USING gin (efficacy_indication_text gin_trgm_ops);

CREATE INDEX IF NOT EXISTS idx_kampo_ingredients_name_trgm
    ON kampo_ingredients USING gin (ingredient_name gin_trgm_ops);

CREATE INDEX IF NOT EXISTS idx_kampo_products_identification_sort
    ON kampo_products (
        (CASE WHEN identification_code ~ '^[0-9]+$' THEN identification_code::bigint END),
        identification_code,
        id DESC
    );


BEGIN;

TRUNCATE TABLE kampo_product_ingredients, kampo_ingredients, kampo_products RESTART IDENTITY CASCADE;

-- kampo_products
INSERT INTO kampo_products (id, identification_code, sales_name, reading, efficacy_condition_text, efficacy_indication_text, dosage_daily_amount, dosage_instructions_text, source_file_name, source_document_no, created_at, updated_at) VALUES
  (5, '5', 'ツムラ安中散エキス顆粒', 'アンチュウサン', 'やせ型で腹部筋肉が弛緩する傾向にあり、胃痛または腹痛があって、ときに胸やけ、げっぷ、食欲不振、はきけなど', '神経性胃炎、慢性胃炎、胃アトニー', 7.500, '2～3回に分割し、食前又は食間に経口投与', '460026_5200001D1066_1_10_ツムラ安中散エキス顆粒（医療用）.pdf', '005', '2026-06-18 12:34:36', '2026-06-18 15:45:12'),
  (7, '115', 'ツムラ胃苓湯エキス顆粒', 'イレイトウ', '水瀉性の下痢、嘔吐があり、口渇、尿量減少', '食あたり、暑気あたり、冷え腹、急性胃腸炎、腹痛', 7.500, '2～3回に分割し、食前又は食間に経口投与', '460026_5200002D1036_1_09_ツムラ胃苓湯エキス顆粒（医療用）.pdf', '115', '2026-06-18 12:41:38', '2026-06-18 15:45:59'),
  (8, '135', 'ツムラ茵蔯蒿湯エキス顆粒', 'インチンコウトウ', '尿量減少、やゝ便秘がちで比較的体力のあるものの', '黄疸、肝硬変症、ネフローゼ、じんましん、口内炎', 7.500, '2～3回に分割し、食前又は食間に経口投与', '460026_5200003D1049_1_11_ツムラ茵ちん蒿湯エキス顆粒（医療用）.pdf', '135', '2026-06-18 12:43:18', '2026-06-18 15:46:52'),
  (9, '117', 'ツムラ茵蔯五苓散エキス顆粒', 'インチンゴレイ サン', 'のどが渇いて、尿が少ないものの', '嘔吐、じんましん、二日酔のむかつき、むくみ', 7.500, '2～3回に分割し、食前又は食間に経口投与', '460026_5200004D1035_1_09_ツムラ茵ちん五苓散エキス顆粒（医療用）.pdf', '117', '2026-06-18 12:45:03', '2026-06-18 15:47:36'),
  (10, '106', 'ツムラ温経湯エキス顆粒', 'ウンケイトウ', '手足がほてり、唇がかわくものの', '月経不順、月経困難、こしけ、更年期障害、不眠、神経症、湿疹、足腰の冷え、しもやけ', 7.500, '2～3回に分割し、食前又は食間に経口投与', '460026_5200005D1030_1_10_ツムラ温経湯エキス顆粒（医療用）.pdf', '106', '2026-06-18 13:13:38', '2026-06-18 15:48:15'),
  (11, '57', 'ツムラ温清飲エキス顆粒', 'ウンセイイン', '皮膚の色つやが悪く、のぼせるものに用いる', '月経不順、月経困難、血の道症、更年期障害、神経症', 7.500, '2～3回に分割し、食前又は食間に経口投与', '460026_5200006D1042_1_12_ツムラ温清飲エキス顆粒（医療用）.pdf', '057', '2026-06-18 13:13:54', '2026-06-18 15:48:48'),
  (12, '28', 'ツムラ越婢加朮湯エキス顆粒', 'エッピ カジュツトウ', '浮腫と汗が出て小便不利のあるものの', '腎炎、ネフローゼ、脚気、関節リウマチ、夜尿症、湿疹', 7.500, '2～3回に分割し、食前又は食間に経口投与', '460026_5200007D1047_1_11_ツムラ越婢加朮湯エキス顆粒（医療用）.pdf', '028', '2026-06-18 13:51:49', '2026-06-18 15:49:26'),
  (13, '98', 'ツムラ黄耆建中湯エキス顆粒', 'オウギケンチュウトウ', '身体虚弱で疲労しやすいものの', '虚弱体質、病後の衰弱、ねあせ', 18.000, '2～3回に分割し、食前又は食間に経口投与', '460026_5200008D1025_1_09_ツムラ黄耆建中湯エキス顆粒（医療用）.pdf', '098', '2026-06-18 13:52:55', '2026-06-18 15:50:03'),
  (14, '15', 'ツムラ黄連解毒湯エキス顆粒', 'オウレンゲドクトウ', '比較的体力があり、のぼせぎみで顔色赤く、いらいらする傾向のある', '鼻出血、高血圧、不眠症、ノイローゼ、胃炎、二日酔、血の道症、めまい、動悸、湿疹・皮膚炎、皮膚瘙痒症', 7.500, '2～3回に分割し、食前又は食間に経口投与', '460026_5200011D1078_1_20_ツムラ黄連解毒湯エキス顆粒（医療用）.pdf', '015', '2026-06-18 13:53:09', '2026-06-18 15:51:07'),
  (15, '3', 'ツムラ乙字湯エキス顆粒', 'オツジトウ', '病状がそれほど激しくなく、体力が中位で衰弱していないものの', 'キレ痔、イボ痔', 7.500, '2～3回に分割し、食前又は食間に経口投与', '460026_5200012D1080_1_14_ツムラ乙字湯エキス顆粒（医療用）.pdf', '003', '2026-06-18 13:54:57', '2026-06-18 15:54:16'),
  (17, '120', 'ツムラ黄連湯エキス顆粒', 'オウレントウ', '胃部の停滞感や重圧感、食欲不振のあるものの', '急性胃炎、二日酔、口内炎', 7.500, '2～3回に分割し、食前又は食間に経口投与', '460026_5200010D1030_1_09_ツムラ黄連湯エキス顆粒（医療用）.pdf', '120', '2026-06-18 13:57:35', '2026-06-18 15:50:34'),
  (18, '1', 'ツムラ葛根湯エキス顆粒', 'カッコントウ', '自然発汗がなく頭痛、発熱、悪寒、肩こり等を伴う比較的体力のあるものの', '感冒、鼻かぜ、熱性疾患の初期、炎症性疾患（結膜炎、角膜炎、中耳炎、扁桃腺炎、乳腺炎、リンパ腺炎）、肩こり、上半身の神経痛、じんましん', 7.500, '2～3回に分割し、食前又は食間に経口投与', '460026_5200013D1123_1_13_ツムラ葛根湯エキス顆粒（医療用）.pdf', '001', '2026-06-18 14:44:42', '2026-06-18 15:55:03'),
  (19, '137', 'ツムラ加味帰脾湯エキス顆粒', 'カミキヒトウ', '虚弱体質で血色の悪い人の', '貧血、不眠症、精神不安、神経症', 7.500, '2～3回に分割し、食前又は食間に経口投与', '460026_5200016D1054_1_13_ツムラ加味帰脾湯エキス顆粒（医療用）.pdf', '137', '2026-06-18 14:45:18', '2026-06-18 18:23:30'),
  (20, '24', 'ツムラ加味逍遙散エキス顆粒', 'カミショウヨウサン', '体質虚弱な婦人で肩がこり、疲れやすく、精神不安などの精神神経症状、ときに便秘の傾向のある', '冷え症、虚弱体質、月経不順、月経困難、更年期障害、血の道症', 7.500, '2～3回に分割し、食前又は食間に経口投与', '460026_5200017D1083_1_13_ツムラ加味逍遙散エキス顆粒（医療用）.pdf', '024', '2026-06-18 14:45:31', '2026-06-18 15:56:55'),
  (21, '2', 'ツムラ葛根湯加川芎辛夷エキス顆粒', 'カッコントウカセンキュウシンイ', '鼻づまり、蓄膿症、慢性鼻炎', '鼻づまり、蓄膿症、慢性鼻炎', 7.500, '2～3回に分割し、食前又は食間に経口投与', '460026_5200015D1084_1_13_ツムラ葛根湯加川きゅう辛夷エキス顆粒（医療用）.pdf', '002', '2026-06-18 14:52:20', '2026-06-18 15:55:45'),
  (22, '72', 'ツムラ甘麦大棗湯エキス顆粒', 'カンバクタイソウトウ', '夜泣き、ひきつけ', '夜泣き、ひきつけ', 7.500, '2～3回に分割し、食前又は食間に経口投与', '460026_5200019D1031_1_09_ツムラ甘麦大棗湯エキス顆粒（医療用）.pdf', '072', '2026-06-18 14:58:29', '2026-06-18 15:57:33'),
  (23, '138', 'ツムラ桔梗湯エキス顆粒', 'キキョウトウ', '咽喉がはれて痛む', '扁桃炎、扁桃周囲炎', 7.500, '2～3回に分割し、食前又は食間に経口投与', '460026_5200020D1026_1_10_ツムラ桔梗湯エキス顆粒（医療用）.pdf', '138', '2026-06-18 14:58:47', '2026-06-18 15:58:04'),
  (24, '65', 'ツムラ帰脾湯エキス顆粒', 'キヒトウ', '虚弱体質で血色の悪い人の', '貧血、不眠症', 7.500, '2～3回に分割し、食前又は食間に経口投与', '460026_5200022D1033_1_10_ツムラ帰脾湯エキス顆粒（医療用）.pdf', '065', '2026-06-18 14:59:03', '2026-06-18 15:58:34'),
  (25, '77', 'ツムラ芎帰膠艾湯エキス顆粒', 'キュウキキョウガイトウ', '痔出血', '痔出血', 9.000, '2～3回に分割し、食前又は食間に経口投与', '460026_5200023D1020_1_10_ツムラきゅう帰膠艾湯エキス顆粒（医療用）.pdf', '077', '2026-06-18 14:59:25', '2026-06-18 15:59:04'),
  (26, '50', 'ツムラ荊芥連翹湯エキス顆粒', 'ケイガイレンギョウトウ', '蓄膿症、慢性鼻炎、慢性扁桃炎、にきび', '蓄膿症、慢性鼻炎、慢性扁桃炎、にきび', 7.500, '2～3回に分割し、食前又は食間に経口投与', '460026_5200027D1052_1_14_ツムラ荊芥連翹湯エキス顆粒（医療用）.pdf', '050', '2026-06-18 15:03:20', '2026-06-18 15:59:35'),
  (27, '60', 'ツムラ桂枝加芍󠄁薬湯エキス顆粒', 'ケイシカシャクヤクトウ', '腹部膨満感のある', 'しぶり腹、腹痛', 7.500, '2～3回に分割し、食前又は食間に経口投与', '460026_5200032D1045_1_13_ツムラ桂枝加芍薬湯エキス顆粒（医療用）.pdf', '060', '2026-06-18 15:03:30', '2026-06-18 16:00:41'),
  (28, '134', 'ツムラ桂枝加芍󠄁薬大黄湯エキス顆粒', 'ケイシカシャクヤクダイオウトウ', '比較的体力のない人で、腹部膨満し、腸内の停滞感あるいは腹痛などを伴なうものの', '1.急性腸炎、大腸カタル2.常習便秘、宿便、しぶり腹', 7.500, '2～3回に分割し、食前又は食間に経口投与', '460026_5200033D1023_1_10_ツムラ桂枝加芍薬大黄湯エキス顆粒（医療用）.pdf', '134', '2026-06-18 15:03:40', '2026-06-18 16:01:17'),
  (29, '18', 'ツムラ桂枝加朮附湯エキス顆粒', 'ケイシカジュツブトウ', '関節痛、神経痛', '関節痛、神経痛', 7.500, '2～3回に分割し、食前又は食間に経口投与', '460026_5200034D1044_1_08_ツムラ桂枝加朮附湯エキス顆粒（医療用）.pdf', '018', '2026-06-18 15:04:01', '2026-06-18 16:01:50'),
  (30, '26', 'ツムラ桂枝加竜骨牡蛎湯エキス顆粒', 'ケイシカリュウコツボレイトウ', '下腹直腹筋に緊張のある比較的体力の衰えているものの', '小児夜尿症、神経衰弱、性的神経衰弱、遺精、陰萎', 7.500, '2～3回に分割し、食前又は食間に経口投与', '460026_5200035D1030_1_11_ツムラ桂枝加竜骨牡蛎湯エキス顆粒（医療用）.pdf', '026', '2026-06-18 15:05:17', '2026-06-18 16:02:32'),
  (31, '45', 'ツムラ桂枝湯エキス顆粒', 'ケイシトウ', '体力が衰えたときの風邪の初期', '体力が衰えたときの風邪の初期', 7.500, '2～3回に分割し、食前又は食間に経口投与', '460026_5200028D1049_1_10_ツムラ桂枝湯エキス顆粒（医療用）.pdf', '045', '2026-06-18 15:09:42', '2026-06-18 16:00:06'),
  (32, '82', 'ツムラ桂枝人参湯エキス顆粒', 'ケイシニンジントウ', '胃腸の弱い人の', '頭痛、動悸、慢性胃腸炎、胃アトニー', 7.500, '2～3回に分割し、食前又は食間に経口投与', '460026_5200037D1021_1_09_ツムラ桂枝人参湯エキス顆粒（医療用）.pdf', '082', '2026-06-18 15:09:52', '2026-06-18 16:03:07'),
  (33, '25', 'ツムラ桂枝茯苓丸エキス顆粒', 'ケイシブクリョウガン', '体格はしっかりしていて赤ら顔が多く、腹部は大体充実、下腹部に抵抗のあるものの', '子宮並びにその付属器の炎症、子宮内膜炎、月経不順、月経困難、帯下、更年期障害（頭痛、めまい、のぼせ、肩こり等）、冷え症、腹膜炎、打撲症、痔疾患、睾丸炎', 7.500, '2～3回に分割し、食前又は食間に経口投与', '460026_5200038D1093_1_12_ツムラ桂枝茯苓丸エキス顆粒（医療用）.pdf', '025', '2026-06-18 15:10:04', '2026-06-18 16:03:39'),
  (34, '125', 'ツムラ桂枝茯苓丸加薏苡仁エキス顆粒', 'ケイシブクリョウガンカヨクイニン', '比較的体力があり、ときに下腹部痛、肩こり、頭重、めまい、のぼせて足冷えなどを訴えるものの', '月経不順、血の道症、にきび、しみ、手足のあれ', 7.500, '2～3回に分割し、食前又は食間に経口投与', '460026_5200039D1039_1_08_ツムラ桂枝茯苓丸加よく苡仁エキス顆粒（医療用）.pdf', '125', '2026-06-18 15:10:15', '2026-06-18 16:04:23'),
  (35, '128', 'ツムラ啓脾湯エキス顆粒', 'ケイヒトウ', 'やせて、顔色が悪く、食欲がなく、下痢の傾向があるものの', '胃腸虚弱、慢性胃腸炎、消化不良、下痢', 7.500, '2～3回に分割し、食前又は食間に経口投与', '460026_5200041D1028_1_11_ツムラ啓脾湯エキス顆粒（医療用）.pdf', '128', '2026-06-18 15:10:24', '2026-06-18 16:04:54'),
  (36, '107', 'ツムラ牛車腎気丸エキス顆粒', 'ゴシャジンキガン', '疲れやすくて、四肢が冷えやすく尿量減少または多尿で時に口渇がある', '下肢痛、腰痛、しびれ、老人のかすみ目、かゆみ、排尿困難、頻尿、むくみ', 7.500, '2～3回に分割し、食前又は食間に経口投与', '460026_5200025D1029_1_16_ツムラ牛車腎気丸エキス顆粒（医療用）.pdf', '107', '2026-06-18 16:20:03', '2026-06-18 16:20:03'),
  (37, '70', 'ツムラ香蘇散エキス顆粒', 'コウソサン', '胃腸虚弱で神経質の人の風邪の初期', '風邪の初期', 7.500, '2～3回に分割し、食前又は食間に経口投与', '460026_5200043D1027_1_09_ツムラ香蘇散エキス顆粒（医療用）.pdf', '070', '2026-06-18 16:21:02', '2026-06-18 16:21:02'),
  (38, '95', 'ツムラ五虎湯エキス顆粒', 'ゴコトウ', 'せき、気管支ぜんそく', 'せき、気管支ぜんそく', 7.500, '2～3回に分割し、食前又は食間に経口投与', '460026_5200044D1030_1_10_ツムラ五虎湯エキス顆粒（医療用）.pdf', '095', '2026-06-18 16:22:22', '2026-06-18 16:22:22'),
  (39, '63', 'ツムラ五積散エキス顆粒', 'ゴシャクサン', '慢性に経過し、症状の激しくない', '胃腸炎、腰痛、神経痛、関節痛、月経痛、頭痛、冷え症、更年期障害、感冒', 7.500, '2～3回に分割し、食前又は食間に経口投与', '460026_5200045D1034_1_09_ツムラ五積散エキス顆粒（医療用）.pdf', '063', '2026-06-18 16:23:07', '2026-06-18 16:23:07'),
  (40, '22', 'ツムラ消風散エキス顆粒', 'ショウフウサン', '分泌物が多く、かゆみの強い慢性の皮膚病（湿疹、蕁麻疹、水虫、あせも、皮膚瘙痒症）', '湿疹、蕁麻疹、水虫、あせも、皮膚瘙痒症', 7.500, '2～3回に分割し、食前又は食間に経口投与', '460026_5200077D1034_1_12_ツムラ消風散エキス顆粒（医療用）.pdf', '022', '2026-06-18 18:10:48', '2026-06-18 18:10:48'),
  (41, '19', 'ツムラ小青竜湯エキス顆粒', 'ショウセイリュウトウ', '下記疾患における水様の痰、水様鼻汁、鼻閉、くしゃみ、喘鳴、咳嗽、流涙', '気管支炎、気管支喘息、鼻炎、アレルギー性鼻炎、アレルギー性結膜炎、感冒', 9.000, '2～3回に分割し、食前又は食間に経口投与', '460026_5200075D1086_1_17_ツムラ小青竜湯エキス顆粒（医療用）.pdf', '019', '2026-06-18 18:12:00', '2026-06-18 18:12:00'),
  (42, '21', 'ツムラ小半夏加茯苓湯エキス顆粒', 'ショウハンゲカブクリョウトウ', '体力中等度の', '妊娠嘔吐（つわり）、そのほかの諸病の嘔吐（急性胃腸炎、湿性胸膜炎、水腫性脚気、蓄膿症）', 7.500, '2～3回に分割し、食前又は食間に経口投与', '460026_5200076D1030_1_09_ツムラ小半夏加茯苓湯エキス顆粒（医療用）.pdf', '021', '2026-06-18 18:13:46', '2026-06-18 18:13:46'),
  (43, '109', 'ツムラ小柴胡湯加桔梗石膏エキス顆粒', 'ショウサイコトウカキキョウセッコウ ', '咽喉がはれて痛む', '扁桃炎、扁桃周囲炎', 7.500, '2～3回に分割し、食前又は食間に経口投与', '460026_5200074D1022_1_12_ツムラ小柴胡湯加桔梗石膏エキス顆粒（医療用）.pdf', '109', '2026-06-18 18:16:54', '2026-06-18 18:16:54'),
  (44, '9', 'ツムラ小柴胡湯エキス顆粒', 'ショウサイコトウ', '1.体力中等度で上腹部がはって苦しく、舌苔を生じ、口中不快、食欲不振、時により微熱、悪心などのあるものの', '諸種の急性熱性病、肺炎、気管支炎、気管支喘息、感冒、リンパ腺炎、慢性胃腸障害、産後回復不全2.慢性肝炎における肝機能障害の改善', 7.500, '2～3回に分割し、食前又は食間に経口投与', '460026_5200073D1117_1_18_ツムラ小柴胡湯エキス顆粒（医療用）.pdf', '009', '2026-06-18 18:18:06', '2026-06-18 18:18:06'),
  (45, '99', 'ツムラ小建中湯エキス顆粒', 'ショウケンチュウトウ', '体質虚弱で疲労しやすく、血色がすぐれず、腹痛、動悸、手足のほてり、冷え、頻尿および多尿などのいずれか', '小児虚弱体質、疲労倦怠、神経質、慢性胃腸炎、小児夜尿症、夜なき', 15.000, '2～3回に分割し、食前又は食間に経口投与', '460026_5200072D1058_1_10_ツムラ小建中湯エキス顆粒（医療用）.pdf', '099', '2026-06-18 18:18:50', '2026-06-18 18:18:50'),
  (46, '68', 'ツムラ芍󠄁薬甘草湯エキス顆粒', 'シャクヤクカンゾウトウ', '急激におこる筋肉のけいれんを伴う疼痛、筋肉・関節痛、胃痛、腹痛', 'けいれんを伴う疼痛、筋肉・関節痛、胃痛、腹痛', 7.500, '2～3回に分割し、食前又は食間に経口投与', '460026_5200067D1049_1_16_ツムラ芍薬甘草湯エキス顆粒（医療用）.pdf', '068', '2026-06-18 18:31:17', '2026-06-18 18:31:17'),
  (47, '64', 'ツムラ炙甘草湯エキス顆粒', 'シャカンゾウトウ', '体力がおとろえて、疲れやすいものの動悸、息切れ', '動悸、息切れ', 9.000, '2～3回に分割し、食前又は食間に経口投与', '460026_5200066D1036_1_09_ツムラ炙甘草湯エキス顆粒（医療用）.pdf', '064', '2026-06-18 18:32:14', '2026-06-18 18:32:14'),
  (48, '71', 'ツムラ四物湯エキス顆粒', 'シモツトウ', '皮膚が枯燥し、色つやの悪い体質で胃腸障害のない人の', '産後あるいは流産後の疲労回復、月経不順、冷え症、しもやけ、しみ、血の道症', 7.500, '2～3回に分割し、食前又は食間に経口投与', '460026_5200065D1031_1_09_ツムラ四物湯エキス顆粒（医療用）.pdf', '071', '2026-06-18 18:32:47', '2026-06-18 18:32:47'),
  (49, '46', 'ツムラ七物降下湯エキス顆粒', 'シチモツコウカトウ', '身体虚弱の傾向のあるものの', '高血圧に伴う随伴症状（のぼせ、肩こり、耳なり、頭重）', 7.500, '2～3回に分割し、食前又は食間に経口投与', '460026_5200064D1045_1_12_ツムラ七物降下湯エキス顆粒（医療用）.pdf', '046', '2026-06-18 18:34:33', '2026-06-18 18:34:33'),
  (50, '75', 'ツムラ四君子湯エキス顆粒', 'シクンシトウ', 'やせて顔色が悪くて、食欲がなく、つかれやすいものの', '胃腸虚弱、慢性胃炎、胃のもたれ、嘔吐、下痢', 7.500, '2～3回に分割し、食前又は食間に経口投与', '460026_5200062D1020_1_11_ツムラ四君子湯エキス顆粒（医療用）.pdf', '075', '2026-06-18 18:35:08', '2026-06-18 18:35:08'),
  (51, '35', 'ツムラ四逆散エキス顆粒', 'シギャクサン', '比較的体力のあるもので、大柴胡湯証と小柴胡湯証との中間証を表わすものの', '胆嚢炎、胆石症、胃炎、胃酸過多、胃潰瘍、鼻カタル、気管支炎、神経質、ヒステリー', 7.500, '2～3回に分割し、食前又は食間に経口投与', '460026_5200061D1025_1_11_ツムラ四逆散エキス顆粒（医療用）.pdf', '035', '2026-06-18 18:35:39', '2026-06-18 18:35:39'),
  (52, '121', 'ツムラ三物黄芩湯エキス顆粒', 'サンモツオウゴントウ', '手足のほてり', '手足のほてり', 7.500, '2～3回に分割し、食前又は食間に経口投与', '460026_5200058D1023_1_14_ツムラ三物黄ごん湯エキス顆粒（医療用）.pdf', '121', '2026-06-18 18:37:06', '2026-06-18 18:37:06'),
  (53, '103', 'ツムラ酸棗仁湯エキス顆粒', 'サンソウニントウ', '心身がつかれ弱って眠れないもの', '不眠', 7.500, '2～3回に分割し、食前又は食間に経口投与', '460026_5200056D1032_1_10_ツムラ酸棗仁湯エキス顆粒（医療用）.pdf', '103', '2026-06-18 18:37:51', '2026-06-18 18:37:51'),
  (54, '113', 'ツムラ三黄瀉心湯エキス顆粒', 'サンオウシャシントウ', '比較的体力があり、のぼせ気味で、顔面紅潮し、精神不安で、便秘の傾向のあるものの', '高血圧の随伴症状（のぼせ、肩こり、耳なり、頭重、不眠、不安）、鼻血、痔出血、便秘、更年期障害、血の道症', 7.500, '2～3回に分割し、食前又は食間に経口投与', '460026_5200057D1070_1_11_ツムラ三黄瀉心湯エキス顆粒（医療用）.pdf', '113', '2026-06-18 18:38:30', '2026-06-18 18:38:30'),
  (55, '114', 'ツムラ柴苓湯エキス顆粒', 'サイレイトウ', '吐き気、食欲不振、のどのかわき、排尿が少ないなどの', '水瀉性下痢、急性胃腸炎、暑気あたり、むくみ', 9.000, '2～3回に分割し、食前又は食間に経口投与', '460026_5200055D1020_1_16_ツムラ柴苓湯エキス顆粒（医療用）.pdf', '114', '2026-06-18 18:39:07', '2026-06-18 18:39:07'),
  (56, '96', 'ツムラ柴朴湯エキス顆粒', 'サイボクトウ', '気分がふさいで、咽喉、食道部に異物感があり、時に動悸、めまい、嘔気など', '小児ぜんそく、気管支ぜんそく、気管支炎、せき、不安神経症', 7.500, '2～3回に分割し、食前又は食間に経口投与', '460026_5200054D1033_1_15_ツムラ柴朴湯エキス顆粒（医療用）.pdf', '096', '2026-06-18 18:39:32', '2026-06-18 18:39:32'),
  (57, '80', 'ツムラ柴胡清肝湯エキス顆粒', 'サイコセイカントウ', 'かんの強い傾向のある小児の', '神経症、慢性扁桃腺炎、湿疹', 7.500, '2～3回に分割し、食前又は食間に経口投与', '460026_5200053D1020_1_14_ツムラ柴胡清肝湯エキス顆粒（医療用）.pdf', '080', '2026-06-18 18:40:49', '2026-06-18 18:40:49'),
  (58, '10', 'ツムラ柴胡桂枝湯エキス顆粒', 'サイコケイシトウ', '発熱汗出て、悪寒し、身体痛み、頭痛、はきけのあるものの', '感冒・流感・肺炎・肺結核などの熱性疾患、胃潰瘍・十二指腸潰瘍・胆のう炎・胆石・肝機能障害・膵臓炎などの心下部緊張疼痛', 7.500, '2～3回に分割し、食前又は食間に経口投与', '460026_5200051D1080_1_15_ツムラ柴胡桂枝湯エキス顆粒（医療用）.pdf', '010', '2026-06-18 18:41:20', '2026-06-18 18:41:20'),
  (59, '11', 'ツムラ柴胡桂枝乾姜湯エキス顆粒', 'サイコケイシカンキョウトウ', '体力が弱く、冷え症、貧血気味で、動悸、息切れがあり、神経過敏のものの', '更年期障害、血の道症、神経症、不眠症', 7.500, '2～3回に分割し、食前又は食間に経口投与', '460026_5200052D1034_1_15_ツムラ柴胡桂枝乾姜湯エキス顆粒（医療用）.pdf', '011', '2026-06-18 18:42:31', '2026-06-18 18:42:31'),
  (60, '12', 'ツムラ柴胡加竜骨牡蛎湯エキス顆粒', 'サイコカリュウコツボレイトウ', '比較的体力があり、心悸亢進、不眠、いらだち等の精神症状のあるものの', '高血圧症、動脈硬化症、慢性腎臓病、神経衰弱症、神経性心悸亢進症、てんかん、ヒステリー、小児夜啼症、陰萎', 7.500, '2～3回に分割し、食前又は食間に経口投与', '460026_5200050D1094_1_16_ツムラ柴胡加竜骨牡蛎湯エキス顆粒（医療用）.pdf', '012', '2026-06-18 18:43:49', '2026-06-18 18:43:49'),
  (61, '73', 'ツムラ柴陥湯エキス顆粒', 'サイカントウ', '咳、咳による胸痛', '咳、咳による胸痛', 7.500, '2～3回に分割し、食前又は食間に経口投与', '460026_5200049D1032_1_10_ツムラ柴陥湯エキス顆粒（医療用）.pdf', '073', '2026-06-18 18:44:31', '2026-06-18 18:44:31'),
  (62, '17', 'ツムラ五苓散エキス顆粒', 'ゴレイサン', '口渇、尿量減少するものの', '浮腫、ネフローゼ、二日酔、急性胃腸カタル、下痢、悪心、嘔吐、めまい、胃内停水、頭痛、尿毒症、暑気あたり、糖尿病', 7.500, '2～3回に分割し、食前又は食間に経口投与', '460026_5200048D1070_1_11_ツムラ五苓散エキス顆粒（医療用）.pdf', '017', '2026-06-18 18:44:57', '2026-06-18 18:44:57'),
  (63, '56', 'ツムラ五淋散エキス顆粒', 'ゴリンサン', '頻尿、排尿痛、残尿感', '頻尿、排尿痛、残尿感', 7.500, '2～3回に分割し、食前又は食間に経口投与', '460026_5200047D1025_1_13_ツムラ五淋散エキス顆粒（医療用）.pdf', '056', '2026-06-18 18:45:43', '2026-06-18 18:45:43'),
  (64, '31', 'ツムラ呉茱萸湯エキス顆粒', 'ゴシュユトウ', '手足の冷えやすい中等度以下の体力のものの', '習慣性偏頭痛、習慣性頭痛、嘔吐、脚気衝心', 7.500, '2～3回に分割し、食前又は食間に経口投与', '460026_5200046D1039_1_11_ツムラ呉茱萸湯エキス顆粒（医療用）.pdf', '031', '2026-06-18 18:46:36', '2026-06-18 18:46:36'),
  (65, '124', 'ツムラ川芎茶調散エキス顆粒', 'センキュウチャチョウサン', 'かぜ、血の道症、頭痛', 'かぜ、血の道症、頭痛', 7.500, '2～3回に分割し、食前又は食間に経口投与', '460026_5200088D1032_1_08_ツムラ川きゅう茶調散エキス顆粒（医療用）.pdf', '124', '2026-06-18 19:00:09', '2026-06-18 19:00:09'),
  (66, '90', 'ツムラ清肺湯エキス顆粒', 'セイハイトウ', '痰の多く出る咳', '痰の多く出る咳', 9.000, '2～3回に分割し、食前又は食間に経口投与', '460026_5200087D1020_1_15_ツムラ清肺湯エキス顆粒（医療用）.pdf', '090', '2026-06-18 19:00:43', '2026-06-18 19:00:43'),
  (67, '58', 'ツムラ清上防風湯エキス顆粒', 'セイジョウボウフウトウ', 'にきび', 'にきび', 7.500, '2～3回に分割し、食前又は食間に経口投与', '460026_5200084D1034_1_14_ツムラ清上防風湯エキス顆粒（医療用）.pdf', '058', '2026-06-18 19:01:31', '2026-06-18 19:01:31'),
  (68, '111', 'ツムラ清心蓮子飲エキス顆粒', 'セイシンレンシイン', '全身倦怠感があり、口や舌が乾き、尿が出しぶるものの', '残尿感、頻尿、排尿痛', 7.500, '2～3回に分割し、食前又は食間に経口投与', '460026_5200086D1033_1_15_ツムラ清心蓮子飲エキス顆粒（医療用）.pdf', '111', '2026-06-18 19:02:48', '2026-06-18 19:02:48'),
  (69, '136', 'ツムラ清暑益気湯エキス顆粒', 'セイショエッキトウ', '暑気あたり、暑さによる食欲不振・下痢・全身倦怠、夏やせ', '暑気あたり、暑さによる食欲不振・下痢・全身倦怠、夏やせ', 7.500, '2～3回に分割し、食前又は食間に経口投与', '460026_5200085D1020_1_09_ツムラ清暑益気湯エキス顆粒（医療用）.pdf', '136', '2026-06-18 19:03:35', '2026-06-18 19:03:35'),
  (70, '66', 'ツムラ参蘇飲エキス顆粒', 'ジンソイン', '感冒、せき', '感冒、せき', 7.500, '2～3回に分割し、食前又は食間に経口投与', '460026_5200081D1030_1_11_ツムラ参蘇飲エキス顆粒（医療用）.pdf', '066', '2026-06-18 19:04:21', '2026-06-18 19:04:21'),
  (71, '51', 'ツムラ潤腸湯エキス顆粒', 'ジュンチョウトウ', '便秘', '便秘', 7.500, '2～3回に分割し、食前又は食間に経口投与', '460026_5200071D1037_1_14_ツムラ潤腸湯エキス顆粒（医療用）.pdf', '051', '2026-06-18 19:05:05', '2026-06-18 19:05:05'),
  (72, '6', 'ツムラ十味敗毒湯エキス顆粒', 'ジュウミハイドクトウ', '化膿性皮膚疾患・急性皮膚疾患の初期、じんましん、急性湿疹、水虫', '化膿性皮膚疾患・急性皮膚疾患の初期、じんましん、急性湿疹、水虫', 7.500, '2～3回に分割し、食前又は食間に経口投与', '460026_5200070D1105_1_13_ツムラ十味敗毒湯エキス顆粒（医療用）.pdf', '006', '2026-06-18 19:06:40', '2026-06-18 19:06:40'),
  (73, '48', 'ツムラ十全大補湯エキス顆粒', 'ジュウゼンタイホトウ', '病後の体力低下、疲労倦怠、食欲不振、ねあせ、手足の冷え、貧血', '病後の体力低下、疲労倦怠、食欲不振、ねあせ、手足の冷え、貧血', 7.500, '2～3回に分割し、食前又は食間に経口投与', '460026_5200069D1048_1_11_ツムラ十全大補湯エキス顆粒（医療用）.pdf', '048', '2026-06-18 19:07:23', '2026-06-18 19:07:23'),
  (74, '92', 'ツムラ滋陰至宝湯エキス顆粒', 'ジインシホウトウ', '虚弱なものの慢性のせき・たん', '虚弱なものの慢性のせき・たん', 9.000, '2～3回に分割し、食前又は食間に経口投与', '460026_5200060D1020_1_09_ツムラ滋陰至宝湯エキス顆粒（医療用）.pdf', '092', '2026-06-18 19:08:36', '2026-06-18 19:08:36'),
  (75, '30', 'ツムラ真武湯エキス顆粒', 'シンブトウ', '新陳代謝の沈衰しているものの', '胃腸疾患、胃腸虚弱症、慢性腸炎、消化不良、胃アトニー症、胃下垂症、ネフローゼ、腹膜炎、脳溢血、脊髄疾患による運動ならびに知覚麻痺、神経衰弱、高血圧症、心臓弁膜症、心不全で心悸亢進、半身不随、リウマチ、老人性瘙痒症', 7.500, '2～3回に分割し、食前又は食間に経口投与', '460026_5200083D1030_1_13_ツムラ真武湯エキス顆粒（医療用）.pdf', '030', '2026-06-18 19:09:28', '2026-06-18 19:09:28'),
  (76, '85', 'ツムラ神秘湯エキス顆粒', 'シンピトウ', '小児ぜんそく、気管支ぜんそく、気管支炎', '小児ぜんそく、気管支ぜんそく、気管支炎', 7.500, '2～3回に分割し、食前又は食間に経口投与', '460026_5200082D1043_1_11_ツムラ神秘湯エキス顆粒（医療用）.pdf', '085', '2026-06-18 19:10:14', '2026-06-18 19:10:14'),
  (77, '104', 'ツムラ辛夷清肺湯エキス顆粒', 'シンイセイハイトウ', '鼻づまり、慢性鼻炎、蓄膿症', '鼻づまり、慢性鼻炎、蓄膿症', 7.500, '2～3回に分割し、食前又は食間に経口投与', '460026_5200080D1044_1_16_ツムラ辛夷清肺湯エキス顆粒（医療用）.pdf', '104', '2026-06-18 19:10:55', '2026-06-18 19:10:55'),
  (78, '101', 'ツムラ升麻葛根湯エキス顆粒', 'ショウマカッコントウ', '感冒の初期、皮膚炎', '感冒の初期、皮膚炎', 7.500, '2～3回に分割し、食前又は食間に経口投与', '460026_5200078D1020_1_09_ツムラ升麻葛根湯エキス顆粒（医療用）.pdf', '101', '2026-06-18 19:12:13', '2026-06-18 19:12:13'),
  (79, '87', 'ツムラ六味丸エキス顆粒', 'ロクミガン', '疲れやすくて尿量減少または多尿で、時に口渇があるものの', '排尿困難、頻尿、むくみ、かゆみ', 7.500, '2～3回に分割し、食前又は食間に経口投与', '460026_5200146D1029_1_07_ツムラ六味丸エキス顆粒（医療用）.pdf', '087', '2026-06-18 19:46:05', '2026-06-18 19:46:05'),
  (80, '39', 'ツムラ苓桂朮甘湯エキス顆粒', 'リョウケイジュツカントウ', 'めまい、ふらつきがあり、または動悸があり尿量が減少するものの', '神経質、ノイローゼ、めまい、動悸、息切れ、頭痛', 7.500, '2～3回に分割し、食前又は食間に経口投与', '460026_5200145D1059_1_09_ツムラ苓桂朮甘湯エキス顆粒（医療用）.pdf', '039', '2026-06-18 19:57:28', '2026-06-18 19:57:28'),
  (81, '118', 'ツムラ苓姜朮甘湯エキス顆粒', 'リョウキョウジュツカントウ', '腰に冷えと痛みがあって、尿量が多い', '腰痛、腰の冷え、夜尿症', 7.500, '2～3回に分割し、食前又は食間に経口投与', '460026_5200144D1020_1_09_ツムラ苓姜朮甘湯エキス顆粒（医療用）.pdf', '118', '2026-06-18 22:32:27', '2026-06-18 22:32:27'),
  (82, '119', 'ツムラ苓甘姜味辛夏仁湯エキス顆粒', 'リョウカンキョウミシンゲニントウ', '貧血、冷え症で喘鳴を伴う喀痰の多い咳嗽があるもの。', '貧血、冷え症で喘鳴を伴う喀痰の多い咳嗽があるもの。', 7.500, '2～3回に分割し、食前又は食間に経口投与', '460026_5200143D1025_1_11_ツムラ苓甘姜味辛夏仁湯エキス顆粒（医療用）.pdf', '119', '2026-06-18 22:34:27', '2026-06-18 22:34:27'),
  (84, '76', 'ツムラ竜胆瀉肝湯エキス顆粒', 'リュウタンシャカントウ', '比較的体力があり、下腹部筋肉が緊張する傾向があるものの', '排尿痛、残尿感、尿の濁り、こしけ', 7.500, '2～3回に分割し、食前又は食間に経口投与', '460026_5200142D1047_1_13_ツムラ竜胆瀉肝湯エキス顆粒（医療用）.pdf', '076', '2026-06-18 23:48:08', '2026-06-18 23:48:08'),
  (85, '110', 'ツムラ立効散エキス顆粒', 'リッコウサン', '抜歯後の疼痛、歯痛', '抜歯後の疼痛、歯痛', 7.500, '2～3回に分割し、食前又は食間に経口投与', '460026_5200149D1022_1_12_ツムラ立効散エキス顆粒（医療用）.pdf', '110', '2026-06-18 23:48:30', '2026-06-18 23:48:30'),
  (86, '43', 'ツムラ六君子湯エキス顆粒', 'リックンシトウ', '胃腸の弱いもので、食欲がなく、みぞおちがつかえ、疲れやすく、貧血性で手足が冷えやすいものの', '胃炎、胃アトニー、胃下垂、消化不良、食欲不振、胃痛、嘔吐', 7.500, '2～3回に分割し、食前又は食間に経口投与', '460026_5200141D1034_1_15_ツムラ六君子湯エキス顆粒（医療用）.pdf', '043', '2026-06-18 23:49:05', '2026-06-18 23:49:05'),
  (87, '83', 'ツムラ抑肝散加陳皮半夏エキス顆粒', 'ヨクカンサンカチンピハンゲ', '虚弱な体質で神経がたかぶるものの', '神経症、不眠症、小児夜なき、小児疳症', 7.500, '2～3回に分割し、食前又は食間に経口投与', '460026_5200140D1021_1_09_ツムラ抑肝散加陳皮半夏エキス顆粒（医療用）.pdf', '083', '2026-06-18 23:49:19', '2026-06-18 23:49:19'),
  (88, '54', 'ツムラ抑肝散エキス顆粒', 'ヨクカンサン', '虚弱な体質で神経がたかぶるものの', '神経症、不眠症、小児夜なき、小児疳症', 7.500, '2～3回に分割し、食前又は食間に経口投与', '460026_5200139D1037_1_19_ツムラ抑肝散エキス顆粒（医療用）.pdf', '054', '2026-06-18 23:51:00', '2026-06-18 23:51:00'),
  (89, '52', 'ツムラ薏苡仁湯エキス顆粒', 'ヨクイニントウ', '関節痛、筋肉痛', '関節痛、筋肉痛', 7.500, '2～3回に分割し、食前又は食間に経口投与', '460026_5200138D1059_1_11_ツムラよく苡仁湯エキス顆粒（医療用）.pdf', '052', '2026-06-18 23:54:49', '2026-06-18 23:54:49'),
  (90, '36', 'ツムラ木防已湯エキス顆粒', 'モクボウイトウ', '顔色がさえず、咳をともなう呼吸困難があり、心臓下部に緊張圧', '顔色がさえず、咳をともなう呼吸困難があり、心臓下部に緊張圧', 7.500, '2～3回に分割し、食前又は食間に経口投与', '460026_5200137D1020_1_10_ツムラ木防已湯エキス顆粒（医療用）.pdf', '036', '2026-06-18 23:55:15', '2026-06-18 23:55:15'),
  (91, '126', 'ツムラ麻子仁丸エキス顆粒', 'マシニンガン', '便秘', '便秘', 7.500, '2～3回に分割し、食前又は食間に経口投与', '460026_5200136D1033_1_08_ツムラ麻子仁丸エキス顆粒（医療用）.pdf', '126', '2026-06-18 23:55:39', '2026-06-18 23:55:39'),
  (92, '78', 'ツムラ麻杏薏甘湯エキス顆粒', 'マキョウヨクカントウ', '関節痛、神経痛、筋肉痛', '関節痛、神経痛、筋肉痛', 7.500, '2～3回に分割し、食前又は食間に経口投与', '460026_5200135D1047_1_09_ツムラ麻杏よく甘湯エキス顆粒（医療用）.pdf', '078', '2026-06-18 23:56:04', '2026-06-18 23:56:04'),
  (93, '55', 'ツムラ麻杏甘石湯エキス顆粒', 'マキョウカンセキトウ', '小児ぜんそく、気管支ぜんそく', '小児ぜんそく、気管支ぜんそく', 7.500, '2～3回に分割し、食前又は食間に経口投与', '460026_5200134D1042_1_11_ツムラ麻杏甘石湯エキス顆粒（医療用）.pdf', '055', '2026-06-18 23:56:30', '2026-06-18 23:56:30'),
  (94, '127', 'ツムラ麻黄附子細辛湯エキス顆粒', 'マオウブシサイシントウ', '悪寒、微熱、全身倦怠、低血圧で頭痛、めまいあり、四肢に疼痛冷感あるものの', '感冒、気管支炎', 7.500, '2～3回に分割し、食前又は食間に経口投与', '460026_5200133D1021_1_13_ツムラ麻黄附子細辛湯エキス顆粒（医療用）.pdf', '127', '2026-06-18 23:57:09', '2026-06-18 23:57:09'),
  (95, '27', 'ツムラ麻黄湯エキス顆粒', 'マオウトウ', '悪寒、発熱、頭痛、腰痛、自然に汗の出ないものの', '感冒、インフルエンザ（初期のもの）、関節リウマチ、喘息、乳児の鼻閉塞、哺乳困難', 7.500, '2～3回に分割し、食前又は食間に経口投与', '460026_5200132D1035_1_12_ツムラ麻黄湯エキス顆粒（医療用）.pdf', '027', '2026-06-18 23:57:23', '2026-06-18 23:57:23'),
  (96, '62', 'ツムラ防風通聖散エキス顆粒', 'ボウフウツウショウサン', '腹部に皮下脂肪が多く、便秘がちなものの', '高血圧の随伴症状（どうき、肩こり、のぼせ）、肥満症、むくみ、便秘', 7.500, '2～3回に分割し、食前又は食間に経口投与', '460026_5200130D1060_1_18_ツムラ防風通聖散エキス顆粒（医療用）.pdf', '062', '2026-06-18 23:57:39', '2026-06-18 23:57:39'),
  (97, '20', 'ツムラ防已黄耆湯エキス顆粒', 'ボウイオウギトウ', '色白で筋肉軟らかく水ぶとりの体質で疲れやすく、汗が多く、小便不利で下肢に浮腫をきたし、膝関節の腫痛するものの', '腎炎、ネフローゼ、妊娠腎、陰嚢水腫、肥満症、関節炎、癰、癤、筋炎、浮腫、皮膚病、多汗症、月経不順', 7.500, '2～3回に分割し、食前又は食間に経口投与', '460026_5200129D1076_1_15_ツムラ防已黄耆湯エキス顆粒（医療用）.pdf', '020', '2026-06-18 23:57:53', '2026-06-18 23:57:53'),
  (98, '41', 'ツムラ補中益気湯エキス顆粒', 'ホチュウエッキトウ', '消化機能が衰え、四肢倦怠感著しい虚弱体質者の', '夏やせ、病後の体力増強、結核症、食欲不振、胃下垂、感冒、痔、脱肛、子宮下垂、陰萎、半身不随、多汗症', 7.500, '2～3回に分割し、食前又は食間に経口投与', '460026_5200131D1065_1_17_ツムラ補中益気湯エキス顆粒（医療用）.pdf', '041', '2026-06-18 23:58:07', '2026-06-18 23:58:07'),
  (99, '79', 'ツムラ平胃散エキス顆粒', 'ヘイイサン', '胃がもたれて消化不良の傾向のある', '急・慢性胃カタル、胃アトニー、消化不良、食欲不振', 7.500, '2～3回に分割し、食前又は食間に経口投与', '460026_5200128D1047_1_09_ツムラ平胃散エキス顆粒（医療用）.pdf', '079', '2026-06-18 23:58:19', '2026-06-18 23:58:19'),
  (100, '116', 'ツムラ茯苓飲合半夏厚朴湯エキス顆粒', 'ブクリョウインゴウハンゲコウボクトウ', '気分がふさいで、咽喉、食道部に異物感があり、時に動悸、めまい、嘔気、胸やけなどがあり、尿量の減少するものの', '不安神経症、神経性胃炎、つわり、溜飲、胃炎', 7.500, '2～3回に分割し、食前又は食間に経口投与', '460026_5200127D1026_1_08_ツムラ茯苓飲合半夏厚朴湯エキス顆粒（医療用）.pdf', '116', '2026-06-18 23:58:36', '2026-06-18 23:58:36'),
  (101, '69', 'ツムラ茯苓飲エキス顆粒', 'ブクリョウイン', '吐きけや胸やけがあり尿量が減少するものの', '胃炎、胃アトニー、溜飲', 7.500, '2～3回に分割し、食前又は食間に経口投与', '460026_5200126D1021_1_10_ツムラ茯苓飲エキス顆粒（医療用）.pdf', '069', '2026-06-18 23:58:50', '2026-06-18 23:58:50'),
  (102, '34', 'ツムラ白虎加人参湯エキス顆粒', 'ビャッコカニンジントウ', 'のどの渇きとほてりのあるもの', 'のどの渇きとほてりのあるもの', 9.000, '2～3回に分割し、食前又は食間に経口投与', '460026_5200125D1035_1_14_ツムラ白虎加人参湯エキス顆粒（医療用）.pdf', '034', '2026-06-18 23:59:11', '2026-06-18 23:59:11'),
  (103, '29', 'ツムラ麦門冬湯エキス顆粒', 'バクモンドウトウ', '痰の切れにくい咳、気管支炎、気管支ぜんそく', '痰の切れにくい咳、気管支炎、気管支ぜんそく', 9.000, '2～3回に分割し、食前又は食間に経口投与', '460026_5200119D1030_1_17_ツムラ麦門冬湯エキス顆粒（医療用）.pdf', '029', '2026-06-18 23:59:31', '2026-06-18 23:59:31'),
  (104, '37', 'ツムラ半夏白朮天麻湯エキス顆粒', 'ハンゲビャクジュツテンマトウ', '胃腸虚弱で下肢が冷え、めまい、頭痛などがある者', '胃腸虚弱で下肢が冷え、めまい、頭痛などがある者', 7.500, '2～3回に分割し、食前又は食間に経口投与', '460026_5200124D1022_1_09_ツムラ半夏白朮天麻湯エキス顆粒（医療用）.pdf', '037', '2026-06-18 23:59:55', '2026-06-18 23:59:55'),
  (105, '14', 'ツムラ半夏瀉心湯エキス顆粒', 'ハンゲシャシントウ', 'みぞおちがつかえ、ときに悪心、嘔吐があり食欲不振で腹が鳴って軟便または下痢の傾向のあるものの', '急・慢性胃腸カタル、醗酵性下痢、消化不良、胃下垂、神経性胃炎、胃弱、二日酔、げっぷ、胸やけ、口内炎、神経症', 7.500, '2～3回に分割し、食前又は食間に経口投与', '460026_5200123D1079_1_17_ツムラ半夏瀉心湯エキス顆粒（医療用）.pdf', '014', '2026-06-19 00:00:15', '2026-06-19 00:00:15'),
  (106, '16', 'ツムラ半夏厚朴湯エキス顆粒', 'ハンゲコウボクトウ', '気分がふさいで、咽喉、食道部に異物感があり、ときに動悸、めまい、嘔気など', '不安神経症、神経性胃炎、つわり、せき、しわがれ声、神経性食道狭窄症、不眠症', 7.500, '2～3回に分割し、食前又は食間に経口投与', '460026_5200122D1074_1_09_ツムラ半夏厚朴湯エキス顆粒（医療用）.pdf', '016', '2026-06-19 00:00:28', '2026-06-19 00:00:28'),
  (107, '7', 'ツムラ八味地黄丸エキス顆粒', 'ハチミジオウガン', '疲労、倦怠感著しく、尿利減少または頻数、口渇し、手足に交互的に冷感と熱感のあるものの', '腎炎、糖尿病、陰萎、坐骨神経痛、腰痛、脚気、膀胱カタル、前立腺肥大、高血圧', 7.500, '2～3回に分割し、食前又は食間に経口投与', '460026_5200121D1045_1_11_ツムラ八味地黄丸エキス顆粒（医療用）.pdf', '007', '2026-06-19 00:00:44', '2026-06-19 00:00:44'),
  (108, '122', 'ツムラ排膿散及湯エキス顆粒', 'ハイノウサンキュウトウ', '患部が発赤、腫脹して疼痛をともなった化膿症、瘍、癤、面疔、', '患部が発赤、腫脹して疼痛をともなった化膿症、瘍、癤、面疔、', 7.500, '2～3回に分割し、食前又は食間に経口投与', '460026_5200118D1027_1_09_ツムラ排膿散及湯エキス顆粒（医療用）.pdf', '122', '2026-06-19 00:01:10', '2026-06-19 00:01:10'),
  (109, '108', 'ツムラ人参養栄湯エキス顆粒', 'ニンジンヨウエイトウ', '病後の体力低下、疲労倦怠、食欲不振、ねあせ、手足の冷え、貧血', '病後の体力低下、疲労倦怠、食欲不振、ねあせ、手足の冷え、貧血', 9.000, '2～3回に分割し、食前又は食間に経口投与', '460026_5200117D1030_1_12_ツムラ人参養栄湯エキス顆粒（医療用）.pdf', '108', '2026-06-19 00:01:31', '2026-06-19 00:01:31'),
  (110, '32', 'ツムラ人参湯エキス顆粒', 'ニンジントウ', '体質虚弱の人、或いは虚弱により体力低下した人の', '急性・慢性胃腸カタル、胃アトニー症、胃拡張、悪阻（つわり）、萎縮腎', 7.500, '2～3回に分割し、食前又は食間に経口投与', '460026_5200116D1060_1_09_ツムラ人参湯エキス顆粒（医療用）.pdf', '032', '2026-06-19 00:01:48', '2026-06-19 00:01:48'),
  (111, '67', 'ツムラ女神散エキス顆粒', 'ニョシンサン', 'のぼせとめまいのあるものの', '産前産後の神経症、月経不順、血の道症', 7.500, '2～3回に分割し、食前又は食間に経口投与', '460026_5200115D1023_1_10_ツムラ女神散エキス顆粒（医療用）.pdf', '067', '2026-06-19 00:02:08', '2026-06-19 00:02:08'),
  (112, '81', 'ツムラ二陳湯エキス顆粒', 'ニチントウ', '悪心、嘔吐', '悪心、嘔吐', 7.500, '2～3回に分割し、食前又は食間に経口投与', '460026_5200114D1029_1_09_ツムラ二陳湯エキス顆粒（医療用）.pdf', '081', '2026-06-19 00:02:32', '2026-06-19 00:02:32'),
  (113, '88', 'ツムラ二朮湯エキス顆粒', 'ニジュツトウ', '五十肩', '五十肩', 7.500, '2～3回に分割し、食前又は食間に経口投与', '460026_5200113D1024_1_10_ツムラ二朮湯エキス顆粒（医療用）.pdf', '088', '2026-06-19 00:02:58', '2026-06-19 00:02:58'),
  (114, '102', 'ツムラ当帰湯エキス顆粒', 'トウキトウ', '背中に寒冷を覚え、腹部膨満感や腹痛のあるもの', '背中に寒冷を覚え、腹部膨満感や腹痛のあるもの', 7.500, '2～3回に分割し、食前又は食間に経口投与', '460026_5200107D1029_1_09_ツムラ当帰湯エキス顆粒（医療用）.pdf', '102', '2026-06-19 00:03:21', '2026-06-19 00:03:21'),
  (115, '23', 'ツムラ当帰芍󠄁薬散エキス顆粒', 'トウキシャクヤクサン', '筋肉が一体に軟弱で疲労しやすく、腰脚の冷えやすいものの', '貧血、倦怠感、更年期障害（頭重、頭痛、めまい、肩こり等）、月経不順、月経困難、不妊症、動悸、慢性腎炎、妊娠中の諸病（浮腫、習慣性流産、痔、腹痛）、脚気、半身不随、心臓弁膜症', 7.500, '2～3回に分割し、食前又は食間に経口投与', '460026_5200111D1076_1_12_ツムラ当帰芍薬散エキス顆粒（医療用）.pdf', '023', '2026-06-19 00:03:47', '2026-06-19 00:03:47'),
  (116, '38', 'ツムラ当帰四逆加呉茱萸生姜湯エキス顆粒', 'トウキシギャクカゴシュユショウキョウトウ', '手足の冷えを感じ、下肢が冷えると下肢又は下腹部が痛くなり易いものの', 'しもやけ、頭痛、下腹部痛、腰痛', 7.500, '2～3回に分割し、食前又は食間に経口投与', '460026_5200110D1047_1_09_ツムラ当帰四逆加呉茱萸生姜湯エキス顆粒（医療用）.pdf', '038', '2026-06-19 00:04:04', '2026-06-19 00:04:04'),
  (117, '123', 'ツムラ当帰建中湯エキス顆粒', 'トウキケンチュウトウ', '疲労しやすく、血色のすぐれないものの', '月経痛、下腹部痛、痔、脱肛の痛み', 7.500, '2～3回に分割し、食前又は食間に経口投与', '460026_5200109D1028_1_12_ツムラ当帰建中湯エキス顆粒（医療用）.pdf', '123', '2026-06-19 00:04:22', '2026-06-19 00:04:22'),
  (118, '86', 'ツムラ当帰飲子エキス顆粒', 'トウキインシ', '冷え症のものの', '慢性湿疹（分泌物の少ないもの）、かゆみ', 7.500, '2～3回に分割し、食前又は食間に経口投与', '460026_5200108D1023_1_10_ツムラ当帰飲子エキス顆粒（医療用）.pdf', '086', '2026-06-19 00:04:39', '2026-06-19 00:04:39'),
  (119, '61', 'ツムラ桃核承気湯エキス顆粒', 'トウカクジョウキトウ', '比較的体力があり、のぼせて便秘しがちなものの', '月経不順、月経困難症、月経時や産後の精神不安、腰痛、便秘、高血圧の随伴症状（頭痛、めまい、肩こり）', 7.500, '2～3回に分割し、食前又は食間に経口投与', '460026_5200106D1059_1_10_ツムラ桃核承気湯エキス顆粒（医療用）.pdf', '061', '2026-06-19 00:05:06', '2026-06-19 00:05:06'),
  (120, '105', 'ツムラ通導散エキス顆粒', 'ツウドウサン', '比較的体力があり下腹部に圧痛があって便秘しがちなものの', '月経不順、月経痛、更年期障害、腰痛、便秘、打ち身（打撲）、高血圧の随伴症状（頭痛、めまい、肩こり）', 7.500, '2～3回に分割し、食前又は食間に経口投与', '460026_5200105D1038_1_11_ツムラ通導散エキス顆粒（医療用）.pdf', '105', '2026-06-19 00:05:28', '2026-06-19 00:05:28'),
  (121, '59', 'ツムラ治頭瘡一方エキス顆粒', 'ヂヅソウイッポウ', '湿疹、くさ、乳幼児の湿疹', '湿疹、くさ、乳幼児の湿疹', 7.500, '2～3回に分割し、食前又は食間に経口投与', '460026_5200099D1022_1_11_ツムラ治頭瘡一方エキス顆粒（医療用）.pdf', '059', '2026-06-19 00:05:49', '2026-06-19 00:05:49'),
  (122, '89', 'ツムラ治打撲一方エキス顆粒', 'ヂダボクイッポウ', '打撲によるはれ及び痛み', '打撲によるはれ及び痛み', 7.500, '2～3回に分割し、食前又は食間に経口投与', '460026_5200098D1028_1_10_ツムラ治打撲一方エキス顆粒（医療用）.pdf', '089', '2026-06-19 00:06:13', '2026-06-19 00:06:13'),
  (123, '112', 'ツムラ猪苓湯合四物湯エキス顆粒', 'チョレイトウゴウシモツトウ', '皮膚が枯燥し、色つやの悪い体質で胃腸障害のない人の', '排尿困難、排尿痛、残尿感、頻尿', 7.500, '2～3回に分割し、食前又は食間に経口投与', '460026_5200104D1025_1_09_ツムラ猪苓湯合四物湯エキス顆粒（医療用）.pdf', '112', '2026-06-19 00:06:29', '2026-06-19 00:06:29'),
  (124, '40', 'ツムラ猪苓湯エキス顆粒', 'チョレイトウ', '尿量減少、小便難、口渇を訴えるものの', '尿道炎、腎臓炎、腎石症、淋炎、排尿痛、血尿、腰以下の浮腫、残尿感、下痢', 7.500, '2～3回に分割し、食前又は食間に経口投与', '460026_5200103D1101_1_12_ツムラ猪苓湯エキス顆粒（医療用）.pdf', '040', '2026-06-19 00:06:46', '2026-06-19 00:06:46'),
  (125, '47', 'ツムラ釣藤散エキス顆粒', 'チョウトウサン', '慢性に続く頭痛で中年以降、または高血圧の傾向のあるもの', '慢性に続く頭痛で中年以降、または高血圧の傾向のあるもの', 7.500, '2～3回に分割し、食前又は食間に経口投与', '460026_5200101D1030_1_10_ツムラ釣藤散エキス顆粒（医療用）.pdf', '047', '2026-06-19 00:07:09', '2026-06-19 00:07:09'),
  (126, '74', 'ツムラ調胃承気湯エキス顆粒', 'チョウイジョウキトウ', '便秘', '便秘', 7.500, '2～3回に分割し、食前又は食間に経口投与', '460026_5200100D1027_1_11_ツムラ調胃承気湯エキス顆粒（医療用）.pdf', '074', '2026-06-19 00:07:33', '2026-06-19 00:07:33'),
  (127, '91', 'ツムラ竹筎温胆湯エキス顆粒', 'チクジョウンタントウ', '熱が長びいたり、平熱でも気分がさっぱりせず、せきや痰が多くて安眠できない', 'インフルエンザ、風邪、肺炎', 7.500, '2～3回に分割し、食前又は食間に経口投与', '460026_5200097D1023_1_09_ツムラ竹じょ温胆湯エキス顆粒（医療用）.pdf', '091', '2026-06-19 00:09:28', '2026-06-19 00:09:28'),
  (128, '97', 'ツムラ大防風湯エキス顆粒', 'ダイボウフウトウ', '関節がはれて痛み、麻痺、強直して屈伸しがたいものの', '下肢の関節リウマチ、慢性関節炎、痛風', 10.500, '2～3回に分割し、食前又は食間に経口投与', '460026_5200096D1029_1_11_ツムラ大防風湯エキス顆粒（医療用）.pdf', '097', '2026-06-19 00:09:47', '2026-06-19 00:09:47'),
  (129, '133', 'ツムラ大承気湯エキス顆粒', 'ダイジョウキトウ', '腹部がかたくつかえて、便秘するもの、あるいは肥満体質で便秘', '腹部がかたくつかえて、便秘するもの、あるいは肥満体質で便秘', 7.500, '2～3回に分割し、食前又は食間に経口投与', '460026_5200095D1024_1_09_ツムラ大承気湯エキス顆粒（医療用）.pdf', '133', '2026-06-19 00:10:11', '2026-06-19 00:10:11'),
  (130, '8', 'ツムラ大柴胡湯エキス顆粒', 'ダイサイコトウ', '比較的体力のある人で、便秘がちで、上腹部が張って苦しく、耳鳴り、肩こりなど伴うものの', '胆石症、胆のう炎、黄疸、肝機能障害、高血圧症、脳溢血、じんましん、胃酸過多症、急性胃腸カタル、悪心、嘔吐、食欲不振、痔疾、糖尿病、ノイローゼ、不眠症', 7.500, '2～3回に分割し、食前又は食間に経口投与', '460026_5200093D1092_1_15_ツムラ大柴胡湯エキス顆粒（医療用）.pdf', '008', '2026-06-19 00:10:30', '2026-06-19 00:10:30'),
  (131, '100', 'ツムラ大建中湯エキス顆粒', 'ダイケンチュウトウ', '腹が冷えて痛み、腹部膨満感のあるもの', '腹が冷えて痛み、腹部膨満感のあるもの', 15.000, '2～3回に分割し、食前又は食間に経口投与', '460026_5200092D1020_1_20_ツムラ大建中湯エキス顆粒（医療用）.pdf', '100', '2026-06-19 00:10:55', '2026-06-19 00:10:55'),
  (132, '33', 'ツムラ大黄牡丹皮湯エキス顆粒', 'ダイオウボタンピトウ', '比較的体力があり、下腹部痛があって、便秘しがちなものの', '月経不順、月経困難、便秘、痔疾', 7.500, '2～3回に分割し、食前又は食間に経口投与', '460026_5200091D1026_1_10_ツムラ大黄牡丹皮湯エキス顆粒（医療用）.pdf', '033', '2026-06-19 00:11:09', '2026-06-19 00:11:09'),
  (133, '84', 'ツムラ大黄甘草湯エキス顆粒', 'ダイオウカンゾウトウ', '便秘症', '便秘症', 7.500, '2～3回に分割し、食前又は食間に経口投与', '460026_5200090D1030_1_12_ツムラ大黄甘草湯エキス顆粒（医療用）.pdf', '084', '2026-06-19 00:11:28', '2026-06-19 00:11:28'),
  (135, '53', 'ツムラ疎経活血湯エキス顆粒', 'ソケイカッケツトウ', '関節痛、神経痛、腰痛、筋肉痛', '関節痛、神経痛、腰痛、筋肉痛', 7.500, '2～3回に分割し、食前又は食間に経口投与', '460026_5200089D1045_1_10_ツムラ疎経活血湯エキス顆粒（医療用）.pdf', '053', '2026-06-19 00:12:19', '2026-06-19 00:12:19');

-- kampo_ingredients
INSERT INTO kampo_ingredients (id, ingredient_name, created_at, updated_at) VALUES
  (1, 'ケイヒ', '2026-06-18 12:34:36', '2026-06-18 12:34:36'),
  (2, 'エンゴサク', '2026-06-18 12:34:36', '2026-06-18 12:34:36'),
  (3, 'ボレイ', '2026-06-18 12:34:36', '2026-06-18 12:34:36'),
  (4, 'ウイキョウ', '2026-06-18 12:34:36', '2026-06-18 12:34:36'),
  (5, 'カンゾウ', '2026-06-18 12:34:36', '2026-06-18 12:34:36'),
  (6, 'シュクシャ', '2026-06-18 12:34:36', '2026-06-18 12:34:36'),
  (7, 'リョウキョウ', '2026-06-18 12:34:36', '2026-06-18 12:34:36'),
  (8, 'コウボク', '2026-06-18 12:41:38', '2026-06-18 12:41:38'),
  (9, 'ソウジュツ', '2026-06-18 12:41:38', '2026-06-18 12:41:38'),
  (10, 'タクシャ', '2026-06-18 12:41:38', '2026-06-18 12:41:38'),
  (11, 'チョレイ', '2026-06-18 12:41:38', '2026-06-18 12:41:38'),
  (12, 'チンピ', '2026-06-18 12:41:38', '2026-06-18 12:41:38'),
  (13, 'ビャクジュツ', '2026-06-18 12:41:38', '2026-06-18 12:41:38'),
  (14, 'ブクリョウ', '2026-06-18 12:41:38', '2026-06-18 12:41:38'),
  (15, 'ショウキョウ', '2026-06-18 12:41:38', '2026-06-18 12:41:38'),
  (16, 'タイソウ', '2026-06-18 12:41:38', '2026-06-18 12:41:38'),
  (17, 'インチンコウ', '2026-06-18 12:43:18', '2026-06-18 12:43:18'),
  (18, 'サンシシ', '2026-06-18 12:43:18', '2026-06-18 12:43:18'),
  (19, 'ダイオウ', '2026-06-18 12:43:18', '2026-06-18 12:43:18'),
  (20, 'バクモンドウ', '2026-06-18 13:13:38', '2026-06-18 13:13:38'),
  (21, 'ハンゲ', '2026-06-18 13:13:38', '2026-06-18 13:13:38'),
  (22, 'トウキ', '2026-06-18 13:13:38', '2026-06-18 13:13:38'),
  (23, 'シャクヤク', '2026-06-18 13:13:38', '2026-06-18 13:13:38'),
  (24, 'センキュウ', '2026-06-18 13:13:38', '2026-06-18 13:13:38'),
  (25, 'ニンジン', '2026-06-18 13:13:38', '2026-06-18 13:13:38'),
  (26, 'ボタンピ', '2026-06-18 13:13:38', '2026-06-18 13:13:38'),
  (27, 'ゴシュユ', '2026-06-18 13:13:38', '2026-06-18 13:13:38'),
  (28, 'アキョウ', '2026-06-18 13:13:38', '2026-06-18 13:13:38'),
  (29, 'ジオウ', '2026-06-18 13:13:54', '2026-06-18 13:13:54'),
  (30, 'オウゴン', '2026-06-18 13:13:54', '2026-06-18 13:13:54'),
  (31, 'オウバク', '2026-06-18 13:13:54', '2026-06-18 13:13:54'),
  (32, 'オウレン', '2026-06-18 13:13:54', '2026-06-18 13:13:54'),
  (33, 'セッコウ', '2026-06-18 13:51:49', '2026-06-18 13:51:49'),
  (34, 'マオウ', '2026-06-18 13:51:49', '2026-06-18 13:51:49'),
  (35, 'オウギ', '2026-06-18 13:52:55', '2026-06-18 13:52:55'),
  (36, 'サイコ', '2026-06-18 13:54:57', '2026-06-18 13:54:57'),
  (37, 'ショウマ', '2026-06-18 13:54:57', '2026-06-18 13:54:57'),
  (38, 'カンキョウ', '2026-06-18 13:57:35', '2026-06-18 13:57:35'),
  (39, 'カッコン', '2026-06-18 14:44:42', '2026-06-18 14:44:42'),
  (40, 'サンソウニン', '2026-06-18 14:45:18', '2026-06-18 14:45:18'),
  (41, 'リュウガンニク', '2026-06-18 14:45:18', '2026-06-18 14:45:18'),
  (42, 'オンジ', '2026-06-18 14:45:18', '2026-06-18 14:45:18'),
  (43, 'モッコウ', '2026-06-18 14:45:18', '2026-06-18 14:45:18'),
  (44, 'ハッカ', '2026-06-18 14:45:31', '2026-06-18 14:45:31'),
  (45, 'シンイ', '2026-06-18 14:52:20', '2026-06-18 14:52:20'),
  (46, 'ショウバク', '2026-06-18 14:58:29', '2026-06-18 14:58:29'),
  (47, 'キキョウ', '2026-06-18 14:58:47', '2026-06-18 14:58:47'),
  (48, 'ガイヨウ', '2026-06-18 14:59:25', '2026-06-18 14:59:25'),
  (49, 'キジツ', '2026-06-18 15:03:20', '2026-06-18 15:03:20'),
  (50, 'ケイガイ', '2026-06-18 15:03:20', '2026-06-18 15:03:20'),
  (51, 'ビャクシ', '2026-06-18 15:03:20', '2026-06-18 15:03:20'),
  (52, 'ボウフウ', '2026-06-18 15:03:20', '2026-06-18 15:03:20'),
  (53, 'レンギョウ', '2026-06-18 15:03:20', '2026-06-18 15:03:20'),
  (54, 'ブシ末', '2026-06-18 15:04:01', '2026-06-18 15:04:01'),
  (55, 'リュウコツ', '2026-06-18 15:05:17', '2026-06-18 15:05:17'),
  (56, 'トウニン', '2026-06-18 15:10:04', '2026-06-18 15:10:04'),
  (57, 'ヨクイニン', '2026-06-18 15:10:15', '2026-06-18 15:10:15'),
  (58, 'サンヤク', '2026-06-18 15:10:24', '2026-06-18 15:10:24'),
  (59, 'レンニク', '2026-06-18 15:10:24', '2026-06-18 15:10:24'),
  (60, 'サンザシ', '2026-06-18 15:10:24', '2026-06-18 15:10:24'),
  (61, 'ゴシツ', '2026-06-18 16:20:03', '2026-06-18 16:20:03'),
  (62, 'サンシュユ', '2026-06-18 16:20:03', '2026-06-18 16:20:03'),
  (63, 'シャゼンシ', '2026-06-18 16:20:03', '2026-06-18 16:20:03'),
  (64, 'コウブシ', '2026-06-18 16:21:02', '2026-06-18 16:21:02'),
  (65, 'ソヨウ', '2026-06-18 16:21:02', '2026-06-18 16:21:02'),
  (66, 'キョウニン', '2026-06-18 16:22:22', '2026-06-18 16:22:22'),
  (67, 'ソウハクヒ', '2026-06-18 16:22:22', '2026-06-18 16:22:22'),
  (68, 'ゴボウシ', '2026-06-18 18:10:48', '2026-06-18 18:10:48'),
  (69, 'モクツウ', '2026-06-18 18:10:48', '2026-06-18 18:10:48'),
  (70, 'ゴマ', '2026-06-18 18:10:48', '2026-06-18 18:10:48'),
  (71, 'チモ', '2026-06-18 18:10:48', '2026-06-18 18:10:48'),
  (72, 'クジン', '2026-06-18 18:10:48', '2026-06-18 18:10:48'),
  (73, 'センタイ', '2026-06-18 18:10:48', '2026-06-18 18:10:48'),
  (74, 'ゴミシ', '2026-06-18 18:12:00', '2026-06-18 18:12:00'),
  (75, 'サイシン', '2026-06-18 18:12:00', '2026-06-18 18:12:00'),
  (76, 'シャカンゾウ', '2026-06-18 18:32:14', '2026-06-18 18:32:14'),
  (77, 'マシニン', '2026-06-18 18:32:14', '2026-06-18 18:32:14'),
  (78, 'チョウトウコウ', '2026-06-18 18:34:33', '2026-06-18 18:34:33'),
  (79, 'カロコン', '2026-06-18 18:40:49', '2026-06-18 18:40:49'),
  (80, 'カロニン', '2026-06-18 18:44:31', '2026-06-18 18:44:31'),
  (81, 'カッセキ', '2026-06-18 18:45:43', '2026-06-18 18:45:43'),
  (82, 'キョウカツ', '2026-06-18 19:00:09', '2026-06-18 19:00:09'),
  (83, 'チャヨウ', '2026-06-18 19:00:09', '2026-06-18 19:00:09'),
  (84, 'テンモンドウ', '2026-06-18 19:00:43', '2026-06-18 19:00:43'),
  (85, 'バイモ', '2026-06-18 19:00:43', '2026-06-18 19:00:43'),
  (86, 'チクジョ', '2026-06-18 19:00:43', '2026-06-18 19:00:43'),
  (87, 'ハマボウフウ', '2026-06-18 19:01:31', '2026-06-18 19:01:31'),
  (88, 'ジコッピ', '2026-06-18 19:02:48', '2026-06-18 19:02:48'),
  (89, 'ゼンコ', '2026-06-18 19:04:21', '2026-06-18 19:04:21'),
  (90, 'ボクソク', '2026-06-18 19:06:40', '2026-06-18 19:06:40'),
  (91, 'ドクカツ', '2026-06-18 19:06:40', '2026-06-18 19:06:40'),
  (92, 'ビャクゴウ', '2026-06-18 19:10:55', '2026-06-18 19:10:55'),
  (93, 'ビワヨウ', '2026-06-18 19:10:55', '2026-06-18 19:10:55'),
  (94, 'リュウタン', '2026-06-18 23:48:08', '2026-06-18 23:48:08'),
  (95, 'ボウイ', '2026-06-18 23:55:15', '2026-06-18 23:55:15'),
  (96, '無水ボウショウ', '2026-06-18 23:57:39', '2026-06-18 23:57:39'),
  (97, 'コウベイ', '2026-06-18 23:59:11', '2026-06-18 23:59:11'),
  (98, 'テンマ', '2026-06-18 23:59:55', '2026-06-18 23:59:55'),
  (99, 'バクガ', '2026-06-18 23:59:55', '2026-06-18 23:59:55'),
  (100, 'ビンロウジ', '2026-06-19 00:02:08', '2026-06-19 00:02:08'),
  (101, 'チョウジ', '2026-06-19 00:02:08', '2026-06-19 00:02:08'),
  (102, 'イレイセン', '2026-06-19 00:02:58', '2026-06-19 00:02:58'),
  (103, 'テンナンショウ', '2026-06-19 00:02:58', '2026-06-19 00:02:58'),
  (104, 'ワキョウカツ', '2026-06-19 00:02:58', '2026-06-19 00:02:58'),
  (105, 'サンショウ', '2026-06-19 00:03:21', '2026-06-19 00:03:21'),
  (106, 'シツリシ', '2026-06-19 00:04:39', '2026-06-19 00:04:39'),
  (107, 'カシュウ', '2026-06-19 00:04:39', '2026-06-19 00:04:39'),
  (108, 'コウカ', '2026-06-19 00:05:28', '2026-06-19 00:05:28'),
  (109, 'ソボク', '2026-06-19 00:05:28', '2026-06-19 00:05:28'),
  (110, 'ニンドウ', '2026-06-19 00:05:49', '2026-06-19 00:05:49'),
  (111, 'センコツ', '2026-06-19 00:06:13', '2026-06-19 00:06:13'),
  (112, 'キクカ', '2026-06-19 00:07:09', '2026-06-19 00:07:09'),
  (113, 'トチュウ', '2026-06-19 00:09:47', '2026-06-19 00:09:47'),
  (114, 'トウガシ', '2026-06-19 00:11:09', '2026-06-19 00:11:09');

-- kampo_product_ingredients
INSERT INTO kampo_product_ingredients (id, product_id, ingredient_id, amount_value, amount_unit, sort_order, raw_amount_text, created_at, updated_at) VALUES
  (1, 5, 1, 4.000, 'g', 1, '日局ケイヒ    4.0g', '2026-06-18 12:34:36', '2026-06-18 12:34:36'),
  (2, 5, 2, 3.000, 'g', 2, '日局エンゴサク  3.0g', '2026-06-18 12:34:36', '2026-06-18 12:34:36'),
  (3, 5, 3, 3.000, 'g', 3, '日局ボレイ    3.0g', '2026-06-18 12:34:36', '2026-06-18 12:34:36'),
  (4, 5, 4, 1.500, 'g', 4, '日局ウイキョウ  1.5g', '2026-06-18 12:34:36', '2026-06-18 12:34:36'),
  (5, 5, 5, 1.000, 'g', 5, '日局カンゾウ  1.0g', '2026-06-18 12:34:36', '2026-06-18 12:34:36'),
  (6, 5, 6, 1.000, 'g', 6, '日局シュクシャ  1.0g', '2026-06-18 12:34:36', '2026-06-18 12:34:36'),
  (7, 5, 7, 0.500, 'g', 7, '日局リョウキョウ      0.5g', '2026-06-18 12:34:36', '2026-06-18 12:34:36'),
  (8, 7, 8, 2.500, 'g', 1, '日局コウボク  2.5g', '2026-06-18 12:41:38', '2026-06-18 12:41:38'),
  (9, 7, 9, 2.500, 'g', 2, '日局ソウジュツ  2.5g', '2026-06-18 12:41:38', '2026-06-18 12:41:38'),
  (10, 7, 10, 2.500, 'g', 3, '日局タクシャ  2.5g', '2026-06-18 12:41:38', '2026-06-18 12:41:38'),
  (11, 7, 11, 2.500, 'g', 4, '日局チョレイ  2.5g', '2026-06-18 12:41:38', '2026-06-18 12:41:38'),
  (12, 7, 12, 2.500, 'g', 5, '日局チンピ    2.5g', '2026-06-18 12:41:38', '2026-06-18 12:41:38'),
  (13, 7, 13, 2.500, 'g', 6, '日局ビャクジュツ    2.5g', '2026-06-18 12:41:38', '2026-06-18 12:41:38'),
  (14, 7, 14, 2.500, 'g', 7, '日局ブクリョウ  2.5g', '2026-06-18 12:41:38', '2026-06-18 12:41:38'),
  (15, 7, 1, 2.000, 'g', 8, '日局ケイヒ  2.0g', '2026-06-18 12:41:38', '2026-06-18 12:41:38'),
  (16, 7, 15, 1.500, 'g', 9, '日局ショウキョウ    1.5g', '2026-06-18 12:41:38', '2026-06-18 12:41:38'),
  (17, 7, 16, 1.500, 'g', 10, '日局タイソウ  1.5g', '2026-06-18 12:41:38', '2026-06-18 12:41:38'),
  (18, 7, 5, 1.000, 'g', 11, '日局カンゾウ  1.0g', '2026-06-18 12:41:38', '2026-06-18 12:41:38'),
  (19, 8, 17, 4.000, 'g', 1, '日局インチンコウ      4.0g', '2026-06-18 12:43:18', '2026-06-18 12:43:18'),
  (20, 8, 18, 3.000, 'g', 2, '日局サンシシ      3.0g', '2026-06-18 12:43:18', '2026-06-18 12:43:18'),
  (21, 8, 19, 1.000, 'g', 3, '日局ダイオウ      1.0g', '2026-06-18 12:43:18', '2026-06-18 12:43:18'),
  (22, 9, 10, 6.000, 'g', 1, '日局タクシャ    6.0g', '2026-06-18 12:45:03', '2026-06-18 12:45:03'),
  (23, 9, 9, 4.500, 'g', 2, '日局ソウジュツ  4.5g', '2026-06-18 12:45:03', '2026-06-18 12:45:03'),
  (24, 9, 11, 4.500, 'g', 3, '日局チョレイ    4.5g', '2026-06-18 12:45:03', '2026-06-18 12:45:03'),
  (25, 9, 14, 4.500, 'g', 4, '日局ブクリョウ  4.5g', '2026-06-18 12:45:03', '2026-06-18 12:45:03'),
  (26, 9, 17, 4.000, 'g', 5, '日局インチンコウ      4.0g', '2026-06-18 12:45:03', '2026-06-18 12:45:03'),
  (27, 9, 1, 2.500, 'g', 6, '日局ケイヒ      2.5g', '2026-06-18 12:45:03', '2026-06-18 12:45:03'),
  (28, 10, 20, 4.000, 'g', 1, '日局バクモンドウ    4.0g', '2026-06-18 13:13:38', '2026-06-18 13:13:38'),
  (29, 10, 21, 4.000, 'g', 2, '日局ハンゲ    4.0g', '2026-06-18 13:13:38', '2026-06-18 13:13:38'),
  (30, 10, 22, 3.000, 'g', 3, '日局トウキ    3.0g', '2026-06-18 13:13:38', '2026-06-18 13:13:38'),
  (31, 10, 5, 2.000, 'g', 4, '日局カンゾウ    2.0g', '2026-06-18 13:13:38', '2026-06-18 13:13:38'),
  (32, 10, 1, 2.000, 'g', 5, '日局ケイヒ    2.0g', '2026-06-18 13:13:38', '2026-06-18 13:13:38'),
  (33, 10, 23, 2.000, 'g', 6, '日局シャクヤク    2.0g', '2026-06-18 13:13:38', '2026-06-18 13:13:38'),
  (34, 10, 24, 2.000, 'g', 7, '日局センキュウ  2.0g', '2026-06-18 13:13:38', '2026-06-18 13:13:38'),
  (35, 10, 25, 2.000, 'g', 8, '日局ニンジン  2.0g', '2026-06-18 13:13:38', '2026-06-18 13:13:38'),
  (36, 10, 26, 2.000, 'g', 9, '日局ボタンピ  2.0g', '2026-06-18 13:13:38', '2026-06-18 13:13:38'),
  (37, 10, 27, 1.000, 'g', 10, '日局ゴシュユ  1.0g', '2026-06-18 13:13:38', '2026-06-18 13:13:38'),
  (38, 10, 15, 1.000, 'g', 11, '日局ショウキョウ    1.0g', '2026-06-18 13:13:38', '2026-06-18 13:13:38'),
  (39, 10, 28, 2.000, 'g', 12, 'アキョウ 2.0g', '2026-06-18 13:13:38', '2026-06-18 13:13:38'),
  (40, 11, 29, 3.000, 'g', 1, '日局ジオウ  3.0g', '2026-06-18 13:13:54', '2026-06-18 13:13:54'),
  (41, 11, 23, 3.000, 'g', 2, '日局シャクヤク  3.0g', '2026-06-18 13:13:54', '2026-06-18 13:13:54'),
  (42, 11, 24, 3.000, 'g', 3, '日局センキュウ  3.0g', '2026-06-18 13:13:54', '2026-06-18 13:13:54'),
  (43, 11, 22, 3.000, 'g', 4, '日局トウキ    3.0g', '2026-06-18 13:13:54', '2026-06-18 13:13:54'),
  (44, 11, 30, 1.500, 'g', 5, '日局オウゴン  1.5g', '2026-06-18 13:13:54', '2026-06-18 13:13:54'),
  (45, 11, 31, 1.500, 'g', 6, '日局オウバク  1.5g', '2026-06-18 13:13:54', '2026-06-18 13:13:54'),
  (46, 11, 32, 1.500, 'g', 7, '日局オウレン  1.5g', '2026-06-18 13:13:54', '2026-06-18 13:13:54'),
  (47, 11, 18, 1.500, 'g', 8, '日局サンシシ  1.5g', '2026-06-18 13:13:54', '2026-06-18 13:13:54'),
  (48, 12, 33, 8.000, 'g', 1, '日局セッコウ    8.0g', '2026-06-18 13:51:49', '2026-06-18 13:51:49'),
  (49, 12, 34, 6.000, 'g', 2, '日局マオウ    6.0g', '2026-06-18 13:51:49', '2026-06-18 13:51:49'),
  (50, 12, 9, 4.000, 'g', 3, '日局ソウジュツ  4.0g', '2026-06-18 13:51:49', '2026-06-18 13:51:49'),
  (51, 12, 16, 3.000, 'g', 4, '日局タイソウ  3.0g', '2026-06-18 13:51:49', '2026-06-18 13:51:49'),
  (52, 12, 5, 2.000, 'g', 5, '日局カンゾウ  2.0g', '2026-06-18 13:51:49', '2026-06-18 13:51:49'),
  (53, 12, 15, 1.000, 'g', 6, '日局ショウキョウ      1.0g', '2026-06-18 13:51:49', '2026-06-18 13:51:49'),
  (54, 13, 23, 6.000, 'g', 1, '日局シャクヤク  6.0g', '2026-06-18 13:52:55', '2026-06-18 13:52:55'),
  (55, 13, 35, 4.000, 'g', 2, '日局オウギ    4.0g', '2026-06-18 13:52:55', '2026-06-18 13:52:55'),
  (56, 13, 1, 4.000, 'g', 3, '日局ケイヒ    4.0g', '2026-06-18 13:52:55', '2026-06-18 13:52:55'),
  (57, 13, 16, 4.000, 'g', 4, '日局タイソウ  4.0g', '2026-06-18 13:52:55', '2026-06-18 13:52:55'),
  (58, 13, 5, 2.000, 'g', 5, '日局カンゾウ  2.0g', '2026-06-18 13:52:55', '2026-06-18 13:52:55'),
  (59, 13, 15, 1.000, 'g', 6, '日局ショウキョウ      1.0g', '2026-06-18 13:52:55', '2026-06-18 13:52:55'),
  (60, 14, 30, 3.000, 'g', 1, '日局オウゴン  3.0g', '2026-06-18 13:53:09', '2026-06-18 13:53:09'),
  (61, 14, 32, 2.000, 'g', 2, '日局オウレン  2.0g', '2026-06-18 13:53:09', '2026-06-18 13:53:09'),
  (62, 14, 18, 2.000, 'g', 3, '日局サンシシ  2.0g', '2026-06-18 13:53:09', '2026-06-18 13:53:09'),
  (63, 14, 31, 1.500, 'g', 4, '日局オウバク  1.5g', '2026-06-18 13:53:09', '2026-06-18 13:53:09'),
  (64, 15, 22, 6.000, 'g', 1, '日局トウキ  6.0g', '2026-06-18 13:54:57', '2026-06-18 13:54:57'),
  (65, 15, 36, 5.000, 'g', 2, '日局サイコ    5.0g', '2026-06-18 13:54:57', '2026-06-18 13:54:57'),
  (66, 15, 30, 3.000, 'g', 3, '日局オウゴン  3.0g', '2026-06-18 13:54:57', '2026-06-18 13:54:57'),
  (67, 15, 5, 2.000, 'g', 4, '日局カンゾウ  2.0g', '2026-06-18 13:54:57', '2026-06-18 13:54:57'),
  (68, 15, 37, 1.000, 'g', 5, '日局ショウマ  1.0g', '2026-06-18 13:54:57', '2026-06-18 13:54:57'),
  (69, 15, 19, 0.500, 'g', 6, '日局ダイオウ  0.5g', '2026-06-18 13:54:57', '2026-06-18 13:54:57'),
  (70, 17, 21, 6.000, 'g', 1, '日局ハンゲ  6.0g', '2026-06-18 13:57:35', '2026-06-18 13:57:35'),
  (71, 17, 32, 3.000, 'g', 2, '日局オウレン    3.0g', '2026-06-18 13:57:35', '2026-06-18 13:57:35'),
  (72, 17, 38, 3.000, 'g', 3, '日局カンキョウ  3.0g', '2026-06-18 13:57:35', '2026-06-18 13:57:35'),
  (73, 17, 5, 3.000, 'g', 4, '日局カンゾウ    3.0g', '2026-06-18 13:57:35', '2026-06-18 13:57:35'),
  (74, 17, 1, 3.000, 'g', 5, '日局ケイヒ  3.0g', '2026-06-18 13:57:35', '2026-06-18 13:57:35'),
  (75, 17, 16, 3.000, 'g', 6, '日局タイソウ  3.0g', '2026-06-18 13:57:35', '2026-06-18 13:57:35'),
  (76, 17, 25, 3.000, 'g', 7, '日局ニンジン  3.0g', '2026-06-18 13:57:35', '2026-06-18 13:57:35'),
  (77, 18, 39, 4.000, 'g', 1, '日局カッコン  4.0g', '2026-06-18 14:44:42', '2026-06-18 14:44:42'),
  (78, 18, 16, 3.000, 'g', 2, '日局タイソウ  3.0g', '2026-06-18 14:44:42', '2026-06-18 14:44:42'),
  (79, 18, 34, 3.000, 'g', 3, '日局マオウ    3.0g', '2026-06-18 14:44:42', '2026-06-18 14:44:42'),
  (80, 18, 5, 2.000, 'g', 4, '日局カンゾウ  2.0g', '2026-06-18 14:44:42', '2026-06-18 14:44:42'),
  (81, 18, 1, 2.000, 'g', 5, '日局ケイヒ  2.0g', '2026-06-18 14:44:42', '2026-06-18 14:44:42'),
  (82, 18, 23, 2.000, 'g', 6, '日局シャクヤク  2.0g', '2026-06-18 14:44:42', '2026-06-18 14:44:42'),
  (83, 18, 15, 2.000, 'g', 7, '日局ショウキョウ      2.0g', '2026-06-18 14:44:42', '2026-06-18 14:44:42'),
  (84, 19, 35, 3.000, 'g', 1, '日局オウギ  3.0g', '2026-06-18 14:45:18', '2026-06-18 14:45:18'),
  (85, 19, 36, 3.000, 'g', 2, '日局サイコ  3.0g', '2026-06-18 14:45:18', '2026-06-18 14:45:18'),
  (86, 19, 40, 3.000, 'g', 3, '日局サンソウニン    3.0g', '2026-06-18 14:45:18', '2026-06-18 14:45:18'),
  (87, 19, 9, 3.000, 'g', 4, '日局ソウジュツ  3.0g', '2026-06-18 14:45:18', '2026-06-18 14:45:18'),
  (88, 19, 25, 3.000, 'g', 5, '日局ニンジン    3.0g', '2026-06-18 14:45:18', '2026-06-18 14:45:18'),
  (89, 19, 14, 3.000, 'g', 6, '日局ブクリョウ  3.0g', '2026-06-18 14:45:18', '2026-06-18 14:45:18'),
  (90, 19, 41, 3.000, 'g', 7, '日局リュウガンニク   3.0g', '2026-06-18 14:45:18', '2026-06-18 14:45:18'),
  (91, 19, 42, 2.000, 'g', 8, '日局オンジ  2.0g', '2026-06-18 14:45:18', '2026-06-18 14:45:18'),
  (92, 19, 18, 2.000, 'g', 9, '日局サンシシ  2.0g', '2026-06-18 14:45:18', '2026-06-18 14:45:18'),
  (93, 19, 16, 2.000, 'g', 10, '日局タイソウ  2.0g', '2026-06-18 14:45:18', '2026-06-18 14:45:18'),
  (94, 19, 22, 2.000, 'g', 11, '日局トウキ  2.0g', '2026-06-18 14:45:18', '2026-06-18 14:45:18'),
  (95, 19, 5, 1.000, 'g', 12, '日局カンゾウ  1.0g', '2026-06-18 14:45:18', '2026-06-18 14:45:18'),
  (96, 19, 15, 1.000, 'g', 13, '日局ショウキョウ    1.0g', '2026-06-18 14:45:18', '2026-06-18 14:45:18'),
  (97, 19, 43, 1.000, 'g', 14, '日局モッコウ    1.0g', '2026-06-18 14:45:18', '2026-06-18 14:45:18'),
  (98, 20, 36, 3.000, 'g', 1, '日局サイコ  3.0g', '2026-06-18 14:45:31', '2026-06-18 14:45:31'),
  (99, 20, 23, 3.000, 'g', 2, '日局シャクヤク  3.0g', '2026-06-18 14:45:31', '2026-06-18 14:45:31'),
  (100, 20, 9, 3.000, 'g', 3, '日局ソウジュツ  3.0g', '2026-06-18 14:45:31', '2026-06-18 14:45:31'),
  (101, 20, 22, 3.000, 'g', 4, '日局トウキ    3.0g', '2026-06-18 14:45:31', '2026-06-18 14:45:31'),
  (102, 20, 14, 3.000, 'g', 5, '日局ブクリョウ  3.0g', '2026-06-18 14:45:31', '2026-06-18 14:45:31'),
  (103, 20, 18, 2.000, 'g', 6, '日局サンシシ  2.0g', '2026-06-18 14:45:31', '2026-06-18 14:45:31'),
  (104, 20, 26, 2.000, 'g', 7, '日局ボタンピ  2.0g', '2026-06-18 14:45:31', '2026-06-18 14:45:31'),
  (105, 20, 5, 1.500, 'g', 8, '日局カンゾウ  1.5g', '2026-06-18 14:45:31', '2026-06-18 14:45:31'),
  (106, 20, 15, 1.000, 'g', 9, '日局ショウキョウ    1.0g', '2026-06-18 14:45:31', '2026-06-18 14:45:31'),
  (107, 20, 44, 1.000, 'g', 10, '日局ハッカ  1.0g', '2026-06-18 14:45:31', '2026-06-18 14:45:31'),
  (108, 21, 39, 4.000, 'g', 1, '日局カッコン  4.0g', '2026-06-18 14:52:20', '2026-06-18 14:52:20'),
  (109, 21, 16, 3.000, 'g', 2, '日局タイソウ  3.0g', '2026-06-18 14:52:20', '2026-06-18 14:52:20'),
  (110, 21, 34, 3.000, 'g', 3, '日局マオウ    3.0g', '2026-06-18 14:52:20', '2026-06-18 14:52:20'),
  (111, 21, 5, 2.000, 'g', 4, '日局カンゾウ  2.0g', '2026-06-18 14:52:20', '2026-06-18 14:52:20'),
  (112, 21, 1, 2.000, 'g', 5, '日局ケイヒ  2.0g', '2026-06-18 14:52:20', '2026-06-18 14:52:20'),
  (113, 21, 23, 2.000, 'g', 6, '日局シャクヤク  2.0g', '2026-06-18 14:52:20', '2026-06-18 14:52:20'),
  (114, 21, 45, 2.000, 'g', 7, '日局シンイ  2.0g', '2026-06-18 14:52:20', '2026-06-18 14:52:20'),
  (115, 21, 24, 2.000, 'g', 8, '日局センキュウ  2.0g', '2026-06-18 14:52:20', '2026-06-18 14:52:20'),
  (116, 21, 15, 1.000, 'g', 9, '日局ショウキョウ    1.0g', '2026-06-18 14:52:20', '2026-06-18 14:52:20'),
  (117, 22, 16, 6.000, 'g', 1, '日局タイソウ      6.0g', '2026-06-18 14:58:29', '2026-06-18 14:58:29'),
  (118, 22, 5, 5.000, 'g', 2, '日局カンゾウ  5.0g', '2026-06-18 14:58:29', '2026-06-18 14:58:29'),
  (119, 22, 46, 20.000, 'g', 3, 'ショウバク      20.0g', '2026-06-18 14:58:29', '2026-06-18 14:58:29'),
  (120, 23, 5, 3.000, 'g', 1, '日局カンゾウ      3.0g', '2026-06-18 14:58:47', '2026-06-18 14:58:47'),
  (121, 23, 47, 2.000, 'g', 2, '日局キキョウ      2.0g', '2026-06-18 14:58:47', '2026-06-18 14:58:47'),
  (122, 24, 35, 3.000, 'g', 1, '日局オウギ      3.0g', '2026-06-18 14:59:03', '2026-06-18 14:59:03'),
  (123, 24, 40, 3.000, 'g', 2, '日局サンソウニン    3.0g', '2026-06-18 14:59:03', '2026-06-18 14:59:03'),
  (124, 24, 25, 3.000, 'g', 3, '日局ニンジン    3.0g', '2026-06-18 14:59:03', '2026-06-18 14:59:03'),
  (125, 24, 13, 3.000, 'g', 4, '日局ビャクジュツ    3.0g', '2026-06-18 14:59:03', '2026-06-18 14:59:03'),
  (126, 24, 14, 3.000, 'g', 5, '日局ブクリョウ  3.0g', '2026-06-18 14:59:03', '2026-06-18 14:59:03'),
  (127, 24, 41, 3.000, 'g', 6, '日局リュウガンニク   3.0g', '2026-06-18 14:59:03', '2026-06-18 14:59:03'),
  (128, 24, 42, 2.000, 'g', 7, '日局オンジ  2.0g', '2026-06-18 14:59:03', '2026-06-18 14:59:03'),
  (129, 24, 16, 2.000, 'g', 8, '日局タイソウ  2.0g', '2026-06-18 14:59:03', '2026-06-18 14:59:03'),
  (130, 24, 22, 2.000, 'g', 9, '日局トウキ  2.0g', '2026-06-18 14:59:03', '2026-06-18 14:59:03'),
  (131, 24, 5, 1.000, 'g', 10, '日局カンゾウ  1.0g', '2026-06-18 14:59:03', '2026-06-18 14:59:03'),
  (132, 24, 15, 1.000, 'g', 11, '日局ショウキョウ    1.0g', '2026-06-18 14:59:03', '2026-06-18 14:59:03'),
  (133, 24, 43, 1.000, 'g', 12, '日局モッコウ    1.0g', '2026-06-18 14:59:03', '2026-06-18 14:59:03'),
  (134, 25, 29, 5.000, 'g', 1, '日局ジオウ  5.0g', '2026-06-18 14:59:25', '2026-06-18 14:59:25'),
  (135, 25, 23, 4.000, 'g', 2, '日局シャクヤク  4.0g', '2026-06-18 14:59:25', '2026-06-18 14:59:25'),
  (136, 25, 22, 4.000, 'g', 3, '日局トウキ      4.0g', '2026-06-18 14:59:25', '2026-06-18 14:59:25'),
  (137, 25, 48, 3.000, 'g', 4, '日局ガイヨウ  3.0g', '2026-06-18 14:59:25', '2026-06-18 14:59:25'),
  (138, 25, 5, 3.000, 'g', 5, '日局カンゾウ  3.0g', '2026-06-18 14:59:25', '2026-06-18 14:59:25'),
  (139, 25, 24, 3.000, 'g', 6, '日局センキュウ  3.0g', '2026-06-18 14:59:25', '2026-06-18 14:59:25'),
  (140, 25, 28, 3.000, 'g', 7, 'アキョウ  3.0g', '2026-06-18 14:59:25', '2026-06-18 14:59:25'),
  (141, 26, 30, 1.500, 'g', 1, '日局オウゴン  1.5g', '2026-06-18 15:03:20', '2026-06-18 15:03:20'),
  (142, 26, 31, 1.500, 'g', 2, '日局オウバク  1.5g', '2026-06-18 15:03:20', '2026-06-18 15:03:20'),
  (143, 26, 32, 1.500, 'g', 3, '日局オウレン  1.5g', '2026-06-18 15:03:20', '2026-06-18 15:03:20'),
  (144, 26, 47, 1.500, 'g', 4, '日局キキョウ  1.5g', '2026-06-18 15:03:20', '2026-06-18 15:03:20'),
  (145, 26, 49, 1.500, 'g', 5, '日局キジツ    1.5g', '2026-06-18 15:03:20', '2026-06-18 15:03:20'),
  (146, 26, 50, 1.500, 'g', 6, '日局ケイガイ  1.5g', '2026-06-18 15:03:20', '2026-06-18 15:03:20'),
  (147, 26, 36, 1.500, 'g', 7, '日局サイコ    1.5g', '2026-06-18 15:03:20', '2026-06-18 15:03:20'),
  (148, 26, 18, 1.500, 'g', 8, '日局サンシシ  1.5g', '2026-06-18 15:03:20', '2026-06-18 15:03:20'),
  (149, 26, 29, 1.500, 'g', 9, '日局ジオウ    1.5g', '2026-06-18 15:03:20', '2026-06-18 15:03:20'),
  (150, 26, 23, 1.500, 'g', 10, '日局シャクヤク  1.5g', '2026-06-18 15:03:20', '2026-06-18 15:03:20'),
  (151, 26, 24, 1.500, 'g', 11, '日局センキュウ  1.5g', '2026-06-18 15:03:20', '2026-06-18 15:03:20'),
  (152, 26, 22, 1.500, 'g', 12, '日局トウキ  1.5g', '2026-06-18 15:03:20', '2026-06-18 15:03:20'),
  (153, 26, 44, 1.500, 'g', 13, '日局ハッカ  1.5g', '2026-06-18 15:03:20', '2026-06-18 15:03:20'),
  (154, 26, 51, 1.500, 'g', 14, '日局ビャクシ  1.5g', '2026-06-18 15:03:20', '2026-06-18 15:03:20'),
  (155, 26, 52, 1.500, 'g', 15, '日局ボウフウ  1.5g', '2026-06-18 15:03:20', '2026-06-18 15:03:20'),
  (156, 26, 53, 1.500, 'g', 16, '日局レンギョウ  1.5g', '2026-06-18 15:03:20', '2026-06-18 15:03:20'),
  (157, 26, 5, 1.000, 'g', 17, '日局カンゾウ  1.0g', '2026-06-18 15:03:20', '2026-06-18 15:03:20'),
  (158, 27, 23, 6.000, 'g', 1, '日局シャクヤク      6.0g', '2026-06-18 15:03:30', '2026-06-18 15:03:30'),
  (159, 27, 1, 4.000, 'g', 2, '日局ケイヒ      4.0g', '2026-06-18 15:03:30', '2026-06-18 15:03:30'),
  (160, 27, 16, 4.000, 'g', 3, '日局タイソウ  4.0g', '2026-06-18 15:03:30', '2026-06-18 15:03:30'),
  (161, 27, 5, 2.000, 'g', 4, '日局カンゾウ      2.0g', '2026-06-18 15:03:30', '2026-06-18 15:03:30'),
  (162, 27, 15, 1.000, 'g', 5, '日局ショウキョウ      1.0g', '2026-06-18 15:03:30', '2026-06-18 15:03:30'),
  (163, 28, 23, 6.000, 'g', 1, '日局シャクヤク  6.0g', '2026-06-18 15:03:40', '2026-06-18 15:03:40'),
  (164, 28, 1, 4.000, 'g', 2, '日局ケイヒ    4.0g', '2026-06-18 15:03:40', '2026-06-18 15:03:40'),
  (165, 28, 16, 4.000, 'g', 3, '日局タイソウ    4.0g', '2026-06-18 15:03:40', '2026-06-18 15:03:40'),
  (166, 28, 5, 2.000, 'g', 4, '日局カンゾウ  2.0g', '2026-06-18 15:03:40', '2026-06-18 15:03:40'),
  (167, 28, 19, 2.000, 'g', 5, '日局ダイオウ  2.0g', '2026-06-18 15:03:40', '2026-06-18 15:03:40'),
  (168, 28, 15, 1.000, 'g', 6, '日局ショウキョウ      1.0g', '2026-06-18 15:03:40', '2026-06-18 15:03:40'),
  (169, 29, 1, 4.000, 'g', 1, '日局ケイヒ      4.0g', '2026-06-18 15:04:01', '2026-06-18 15:04:01'),
  (170, 29, 23, 4.000, 'g', 2, '日局シャクヤク  4.0g', '2026-06-18 15:04:01', '2026-06-18 15:04:01'),
  (171, 29, 9, 4.000, 'g', 3, '日局ソウジュツ  4.0g', '2026-06-18 15:04:01', '2026-06-18 15:04:01'),
  (172, 29, 16, 4.000, 'g', 4, '日局タイソウ  4.0g', '2026-06-18 15:04:01', '2026-06-18 15:04:01'),
  (173, 29, 5, 2.000, 'g', 5, '日局カンゾウ  2.0g', '2026-06-18 15:04:01', '2026-06-18 15:04:01'),
  (174, 29, 15, 1.000, 'g', 6, '日局ショウキョウ      1.0g', '2026-06-18 15:04:01', '2026-06-18 15:04:01'),
  (175, 29, 54, 0.500, 'g', 7, '日局ブシ末      0.5g', '2026-06-18 15:04:01', '2026-06-18 15:04:01'),
  (176, 30, 1, 4.000, 'g', 1, '日局ケイヒ    4.0g', '2026-06-18 15:05:17', '2026-06-18 15:05:17'),
  (177, 30, 23, 4.000, 'g', 2, '日局シャクヤク  4.0g', '2026-06-18 15:05:17', '2026-06-18 15:05:17'),
  (178, 30, 16, 4.000, 'g', 3, '日局タイソウ    4.0g', '2026-06-18 15:05:17', '2026-06-18 15:05:17'),
  (179, 30, 3, 3.000, 'g', 4, '日局ボレイ  3.0g', '2026-06-18 15:05:17', '2026-06-18 15:05:17'),
  (180, 30, 55, 3.000, 'g', 5, '日局リュウコツ  3.0g', '2026-06-18 15:05:17', '2026-06-18 15:05:17'),
  (181, 30, 5, 2.000, 'g', 6, '日局カンゾウ  2.0g', '2026-06-18 15:05:17', '2026-06-18 15:05:17'),
  (182, 30, 15, 1.500, 'g', 7, '日局ショウキョウ      1.5g', '2026-06-18 15:05:17', '2026-06-18 15:05:17'),
  (183, 31, 1, 4.000, 'g', 1, '日局ケイヒ      4.0g', '2026-06-18 15:09:42', '2026-06-18 15:09:42'),
  (184, 31, 23, 4.000, 'g', 2, '日局シャクヤク      4.0g', '2026-06-18 15:09:42', '2026-06-18 15:09:42'),
  (185, 31, 16, 4.000, 'g', 3, '日局タイソウ  4.0g', '2026-06-18 15:09:42', '2026-06-18 15:09:42'),
  (186, 31, 5, 2.000, 'g', 4, '日局カンゾウ      2.0g', '2026-06-18 15:09:42', '2026-06-18 15:09:42'),
  (187, 31, 15, 1.500, 'g', 5, '日局ショウキョウ      1.5g', '2026-06-18 15:09:42', '2026-06-18 15:09:42'),
  (188, 32, 1, 4.000, 'g', 1, '日局ケイヒ  4.0g', '2026-06-18 15:09:52', '2026-06-18 15:09:52'),
  (189, 32, 5, 3.000, 'g', 2, '日局カンゾウ    3.0g', '2026-06-18 15:09:52', '2026-06-18 15:09:52'),
  (190, 32, 9, 3.000, 'g', 3, '日局ソウジュツ  3.0g', '2026-06-18 15:09:52', '2026-06-18 15:09:52'),
  (191, 32, 25, 3.000, 'g', 4, '日局ニンジン  3.0g', '2026-06-18 15:09:52', '2026-06-18 15:09:52'),
  (192, 32, 38, 2.000, 'g', 5, '日局カンキョウ  2.0g', '2026-06-18 15:09:52', '2026-06-18 15:09:52'),
  (193, 33, 1, 3.000, 'g', 1, '日局ケイヒ  3.0g', '2026-06-18 15:10:04', '2026-06-18 15:10:04'),
  (194, 33, 23, 3.000, 'g', 2, '日局シャクヤク  3.0g', '2026-06-18 15:10:04', '2026-06-18 15:10:04'),
  (195, 33, 56, 3.000, 'g', 3, '日局トウニン    3.0g', '2026-06-18 15:10:04', '2026-06-18 15:10:04'),
  (196, 33, 14, 3.000, 'g', 4, '日局ブクリョウ  3.0g', '2026-06-18 15:10:04', '2026-06-18 15:10:04'),
  (197, 33, 26, 3.000, 'g', 5, '日局ボタンピ  3.0g', '2026-06-18 15:10:04', '2026-06-18 15:10:04'),
  (198, 34, 57, 10.000, 'g', 1, '日局ヨクイニン      10.0g', '2026-06-18 15:10:15', '2026-06-18 15:10:15'),
  (199, 34, 1, 4.000, 'g', 2, '日局ケイヒ    4.0g', '2026-06-18 15:10:15', '2026-06-18 15:10:15'),
  (200, 34, 23, 4.000, 'g', 3, '日局シャクヤク  4.0g', '2026-06-18 15:10:15', '2026-06-18 15:10:15'),
  (201, 34, 56, 4.000, 'g', 4, '日局トウニン  4.0g', '2026-06-18 15:10:15', '2026-06-18 15:10:15'),
  (202, 34, 14, 4.000, 'g', 5, '日局ブクリョウ  4.0g', '2026-06-18 15:10:15', '2026-06-18 15:10:15'),
  (203, 34, 26, 4.000, 'g', 6, '日局ボタンピ  4.0g', '2026-06-18 15:10:15', '2026-06-18 15:10:15'),
  (204, 35, 9, 4.000, 'g', 1, '日局ソウジュツ  4.0g', '2026-06-18 15:10:24', '2026-06-18 15:10:24'),
  (205, 35, 14, 4.000, 'g', 2, '日局ブクリョウ  4.0g', '2026-06-18 15:10:24', '2026-06-18 15:10:24'),
  (206, 35, 58, 3.000, 'g', 3, '日局サンヤク  3.0g', '2026-06-18 15:10:24', '2026-06-18 15:10:24'),
  (207, 35, 25, 3.000, 'g', 4, '日局ニンジン  3.0g', '2026-06-18 15:10:24', '2026-06-18 15:10:24'),
  (208, 35, 59, 3.000, 'g', 5, '日局レンニク  3.0g', '2026-06-18 15:10:24', '2026-06-18 15:10:24'),
  (209, 35, 60, 2.000, 'g', 6, '日局サンザシ  2.0g', '2026-06-18 15:10:24', '2026-06-18 15:10:24'),
  (210, 35, 10, 2.000, 'g', 7, '日局タクシャ  2.0g', '2026-06-18 15:10:24', '2026-06-18 15:10:24'),
  (211, 35, 12, 2.000, 'g', 8, '日局チンピ  2.0g', '2026-06-18 15:10:24', '2026-06-18 15:10:24'),
  (212, 35, 5, 1.000, 'g', 9, '日局カンゾウ  1.0g', '2026-06-18 15:10:24', '2026-06-18 15:10:24'),
  (213, 36, 29, 5.000, 'g', 1, '日局ジオウ  5.0g', '2026-06-18 16:20:03', '2026-06-18 16:20:03'),
  (214, 36, 61, 3.000, 'g', 2, '日局ゴシツ    3.0g', '2026-06-18 16:20:03', '2026-06-18 16:20:03'),
  (215, 36, 62, 3.000, 'g', 3, '日局サンシュユ  3.0g', '2026-06-18 16:20:03', '2026-06-18 16:20:03'),
  (216, 36, 58, 3.000, 'g', 4, '日局サンヤク    3.0g', '2026-06-18 16:20:03', '2026-06-18 16:20:03'),
  (217, 36, 63, 3.000, 'g', 5, '日局シャゼンシ  3.0g', '2026-06-18 16:20:03', '2026-06-18 16:20:03'),
  (218, 36, 10, 3.000, 'g', 6, '日局タクシャ  3.0g', '2026-06-18 16:20:03', '2026-06-18 16:20:03'),
  (219, 36, 14, 3.000, 'g', 7, '日局ブクリョウ  3.0g', '2026-06-18 16:20:03', '2026-06-18 16:20:03'),
  (220, 36, 26, 3.000, 'g', 8, '日局ボタンピ  3.0g', '2026-06-18 16:20:03', '2026-06-18 16:20:03'),
  (221, 36, 1, 1.000, 'g', 9, '日局ケイヒ  1.0g', '2026-06-18 16:20:03', '2026-06-18 16:20:03'),
  (222, 36, 54, 1.000, 'g', 10, '日局ブシ末  1.0g', '2026-06-18 16:20:03', '2026-06-18 16:20:03'),
  (223, 37, 64, 4.000, 'g', 1, '日局コウブシ      4.0g', '2026-06-18 16:21:02', '2026-06-18 16:21:02'),
  (224, 37, 65, 2.000, 'g', 2, '日局ソヨウ      2.0g', '2026-06-18 16:21:02', '2026-06-18 16:21:02'),
  (225, 37, 12, 2.000, 'g', 3, '日局チンピ  2.0g', '2026-06-18 16:21:02', '2026-06-18 16:21:02'),
  (226, 37, 5, 1.500, 'g', 4, '日局カンゾウ      1.5g', '2026-06-18 16:21:02', '2026-06-18 16:21:02'),
  (227, 37, 15, 1.000, 'g', 5, '日局ショウキョウ      1.0g', '2026-06-18 16:21:02', '2026-06-18 16:21:02'),
  (228, 38, 33, 10.000, 'g', 1, '日局セッコウ  10.0g', '2026-06-18 16:22:22', '2026-06-18 16:22:22'),
  (229, 38, 66, 4.000, 'g', 2, '日局キョウニン  4.0g', '2026-06-18 16:22:22', '2026-06-18 16:22:22'),
  (230, 38, 34, 4.000, 'g', 3, '日局マオウ    4.0g', '2026-06-18 16:22:22', '2026-06-18 16:22:22'),
  (231, 38, 67, 3.000, 'g', 4, '日局ソウハクヒ  3.0g', '2026-06-18 16:22:22', '2026-06-18 16:22:22'),
  (232, 38, 5, 2.000, 'g', 5, '日局カンゾウ  2.0g', '2026-06-18 16:22:22', '2026-06-18 16:22:22'),
  (233, 39, 9, 3.000, 'g', 1, '日局ソウジュツ  3.0g', '2026-06-18 16:23:07', '2026-06-18 16:23:07'),
  (234, 39, 12, 2.000, 'g', 2, '日局チンピ  2.0g', '2026-06-18 16:23:07', '2026-06-18 16:23:07'),
  (235, 39, 22, 2.000, 'g', 3, '日局トウキ  2.0g', '2026-06-18 16:23:07', '2026-06-18 16:23:07'),
  (236, 39, 21, 2.000, 'g', 4, '日局ハンゲ    2.0g', '2026-06-18 16:23:07', '2026-06-18 16:23:07'),
  (237, 39, 14, 2.000, 'g', 5, '日局ブクリョウ  2.0g', '2026-06-18 16:23:07', '2026-06-18 16:23:07'),
  (238, 39, 5, 1.000, 'g', 6, '日局カンゾウ    1.0g', '2026-06-18 16:23:07', '2026-06-18 16:23:07'),
  (239, 39, 47, 1.000, 'g', 7, '日局キキョウ    1.0g', '2026-06-18 16:23:07', '2026-06-18 16:23:07'),
  (240, 39, 49, 1.000, 'g', 8, '日局キジツ    1.0g', '2026-06-18 16:23:07', '2026-06-18 16:23:07'),
  (241, 39, 1, 1.000, 'g', 9, '日局ケイヒ  1.0g', '2026-06-18 16:23:07', '2026-06-18 16:23:07'),
  (242, 39, 8, 1.000, 'g', 10, '日局コウボク  1.0g', '2026-06-18 16:23:07', '2026-06-18 16:23:07'),
  (243, 39, 23, 1.000, 'g', 11, '日局シャクヤク  1.0g', '2026-06-18 16:23:07', '2026-06-18 16:23:07'),
  (244, 39, 15, 1.000, 'g', 12, '日局ショウキョウ    1.0g', '2026-06-18 16:23:07', '2026-06-18 16:23:07'),
  (245, 39, 24, 1.000, 'g', 13, '日局センキュウ  1.0g', '2026-06-18 16:23:07', '2026-06-18 16:23:07'),
  (246, 39, 16, 1.000, 'g', 14, '日局タイソウ    1.0g', '2026-06-18 16:23:07', '2026-06-18 16:23:07'),
  (247, 39, 51, 1.000, 'g', 15, '日局ビャクシ    1.0g', '2026-06-18 16:23:07', '2026-06-18 16:23:07'),
  (248, 39, 34, 1.000, 'g', 16, '日局マオウ    1.0g', '2026-06-18 16:23:07', '2026-06-18 16:23:07'),
  (249, 40, 29, 3.000, 'g', 1, '日局ジオウ  3.0g', '2026-06-18 18:10:48', '2026-06-18 18:10:48'),
  (250, 40, 33, 3.000, 'g', 2, '日局セッコウ  3.0g', '2026-06-18 18:10:48', '2026-06-18 18:10:48'),
  (251, 40, 22, 3.000, 'g', 3, '日局トウキ  3.0g', '2026-06-18 18:10:48', '2026-06-18 18:10:48'),
  (252, 40, 68, 2.000, 'g', 4, '日局ゴボウシ  2.0g', '2026-06-18 18:10:48', '2026-06-18 18:10:48'),
  (253, 40, 9, 2.000, 'g', 5, '日局ソウジュツ  2.0g', '2026-06-18 18:10:48', '2026-06-18 18:10:48'),
  (254, 40, 52, 2.000, 'g', 6, '日局ボウフウ      2.0g', '2026-06-18 18:10:48', '2026-06-18 18:10:48'),
  (255, 40, 69, 2.000, 'g', 7, '日局モクツウ  2.0g', '2026-06-18 18:10:48', '2026-06-18 18:10:48'),
  (256, 40, 70, 1.500, 'g', 8, '日局ゴマ  1.5g', '2026-06-18 18:10:48', '2026-06-18 18:10:48'),
  (257, 40, 71, 1.500, 'g', 9, '日局チモ  1.5g', '2026-06-18 18:10:48', '2026-06-18 18:10:48'),
  (258, 40, 5, 1.000, 'g', 10, '日局カンゾウ  1.0g', '2026-06-18 18:10:48', '2026-06-18 18:10:48'),
  (259, 40, 72, 1.000, 'g', 11, '日局クジン  1.0g', '2026-06-18 18:10:48', '2026-06-18 18:10:48'),
  (260, 40, 50, 1.000, 'g', 12, '日局ケイガイ  1.0g', '2026-06-18 18:10:48', '2026-06-18 18:10:48'),
  (261, 40, 73, 1.000, 'g', 13, 'センタイ  1.0g', '2026-06-18 18:10:48', '2026-06-18 18:10:48'),
  (262, 41, 21, 6.000, 'g', 1, '日局ハンゲ  6.0g', '2026-06-18 18:12:00', '2026-06-18 18:12:00'),
  (263, 41, 38, 3.000, 'g', 2, '日局カンキョウ  3.0g', '2026-06-18 18:12:00', '2026-06-18 18:12:00'),
  (264, 41, 5, 3.000, 'g', 3, '日局カンゾウ    3.0g', '2026-06-18 18:12:00', '2026-06-18 18:12:00'),
  (265, 41, 1, 3.000, 'g', 4, '日局ケイヒ    3.0g', '2026-06-18 18:12:00', '2026-06-18 18:12:00'),
  (266, 41, 74, 3.000, 'g', 5, '日局ゴミシ  3.0g', '2026-06-18 18:12:00', '2026-06-18 18:12:00'),
  (267, 41, 75, 3.000, 'g', 6, '日局サイシン  3.0g', '2026-06-18 18:12:00', '2026-06-18 18:12:00'),
  (268, 41, 23, 3.000, 'g', 7, '日局シャクヤク  3.0g', '2026-06-18 18:12:00', '2026-06-18 18:12:00'),
  (269, 41, 34, 3.000, 'g', 8, '日局マオウ  3.0g', '2026-06-18 18:12:00', '2026-06-18 18:12:00'),
  (270, 42, 21, 6.000, 'g', 1, '日局ハンゲ      6.0g', '2026-06-18 18:13:46', '2026-06-18 18:13:46'),
  (271, 42, 14, 5.000, 'g', 2, '日局ブクリョウ  5.0g', '2026-06-18 18:13:46', '2026-06-18 18:13:46'),
  (272, 42, 15, 1.500, 'g', 3, '日局ショウキョウ      1.5g', '2026-06-18 18:13:46', '2026-06-18 18:13:46'),
  (273, 43, 33, 10.000, 'g', 1, '日局セッコウ  10.0g', '2026-06-18 18:16:54', '2026-06-18 18:16:54'),
  (274, 43, 36, 7.000, 'g', 2, '日局サイコ  7.0g', '2026-06-18 18:16:54', '2026-06-18 18:16:54'),
  (275, 43, 21, 5.000, 'g', 3, '日局ハンゲ  5.0g', '2026-06-18 18:16:54', '2026-06-18 18:16:54'),
  (276, 43, 30, 3.000, 'g', 4, '日局オウゴン  3.0g', '2026-06-18 18:16:54', '2026-06-18 18:16:54'),
  (277, 43, 47, 3.000, 'g', 5, '日局キキョウ  3.0g', '2026-06-18 18:16:54', '2026-06-18 18:16:54'),
  (278, 43, 16, 3.000, 'g', 6, '日局タイソウ  3.0g', '2026-06-18 18:16:54', '2026-06-18 18:16:54'),
  (279, 43, 25, 3.000, 'g', 7, '日局ニンジン  3.0g', '2026-06-18 18:16:54', '2026-06-18 18:16:54'),
  (280, 43, 5, 2.000, 'g', 8, '日局カンゾウ  2.0g', '2026-06-18 18:16:54', '2026-06-18 18:16:54'),
  (281, 43, 15, 1.000, 'g', 9, '日局ショウキョウ    1.0g', '2026-06-18 18:16:54', '2026-06-18 18:16:54'),
  (282, 44, 36, 7.000, 'g', 1, '日局サイコ  7.0g', '2026-06-18 18:18:06', '2026-06-18 18:18:06'),
  (283, 44, 21, 5.000, 'g', 2, '日局ハンゲ  5.0g', '2026-06-18 18:18:06', '2026-06-18 18:18:06'),
  (284, 44, 30, 3.000, 'g', 3, '日局オウゴン 3.0g', '2026-06-18 18:18:06', '2026-06-18 18:18:06'),
  (285, 44, 16, 3.000, 'g', 4, '日局タイソウ 3.0g', '2026-06-18 18:18:06', '2026-06-18 18:18:06'),
  (286, 44, 25, 3.000, 'g', 5, '日局ニンジン 3.0g', '2026-06-18 18:18:06', '2026-06-18 18:18:06'),
  (287, 44, 5, 2.000, 'g', 6, '日局カンゾウ 2.0g', '2026-06-18 18:18:06', '2026-06-18 18:18:06'),
  (288, 44, 15, 1.000, 'g', 7, '日局ショウキョウ   1.0g', '2026-06-18 18:18:06', '2026-06-18 18:18:06'),
  (289, 45, 23, 6.000, 'g', 1, '日局シャクヤク      6.0g', '2026-06-18 18:18:50', '2026-06-18 18:18:50'),
  (290, 45, 1, 4.000, 'g', 2, '日局ケイヒ      4.0g', '2026-06-18 18:18:50', '2026-06-18 18:18:50'),
  (291, 45, 16, 4.000, 'g', 3, '日局タイソウ  4.0g', '2026-06-18 18:18:50', '2026-06-18 18:18:50'),
  (292, 45, 5, 2.000, 'g', 4, '日局カンゾウ      2.0g', '2026-06-18 18:18:50', '2026-06-18 18:18:50'),
  (293, 45, 15, 1.000, 'g', 5, '日局ショウキョウ      1.0g', '2026-06-18 18:18:50', '2026-06-18 18:18:50'),
  (294, 46, 5, 6.000, 'g', 1, '日局カンゾウ      6.0g', '2026-06-18 18:31:17', '2026-06-18 18:31:17'),
  (295, 46, 23, 6.000, 'g', 2, '日局シャクヤク      6.0g', '2026-06-18 18:31:17', '2026-06-18 18:31:17'),
  (296, 47, 29, 6.000, 'g', 1, '日局ジオウ      6.0g', '2026-06-18 18:32:14', '2026-06-18 18:32:14'),
  (297, 47, 20, 6.000, 'g', 2, '日局バクモンドウ    6.0g', '2026-06-18 18:32:14', '2026-06-18 18:32:14'),
  (298, 47, 1, 3.000, 'g', 3, '日局ケイヒ    3.0g', '2026-06-18 18:32:14', '2026-06-18 18:32:14'),
  (299, 47, 76, 3.000, 'g', 4, '日局シャカンゾウ    3.0g', '2026-06-18 18:32:14', '2026-06-18 18:32:14'),
  (300, 47, 16, 3.000, 'g', 5, '日局タイソウ    3.0g', '2026-06-18 18:32:14', '2026-06-18 18:32:14'),
  (301, 47, 25, 3.000, 'g', 6, '日局ニンジン  3.0g', '2026-06-18 18:32:14', '2026-06-18 18:32:14'),
  (302, 47, 77, 3.000, 'g', 7, '日局マシニン  3.0g', '2026-06-18 18:32:14', '2026-06-18 18:32:14'),
  (303, 47, 15, 1.000, 'g', 8, '日局ショウキョウ    1.0g', '2026-06-18 18:32:14', '2026-06-18 18:32:14'),
  (304, 47, 28, 2.000, 'g', 9, 'アキョウ  2.0g', '2026-06-18 18:32:14', '2026-06-18 18:32:14'),
  (305, 48, 29, 3.000, 'g', 1, '日局ジオウ  3.0g', '2026-06-18 18:32:47', '2026-06-18 18:32:47'),
  (306, 48, 23, 3.000, 'g', 2, '日局シャクヤク  3.0g', '2026-06-18 18:32:47', '2026-06-18 18:32:47'),
  (307, 48, 24, 3.000, 'g', 3, '日局センキュウ  3.0g', '2026-06-18 18:32:47', '2026-06-18 18:32:47'),
  (308, 48, 22, 3.000, 'g', 4, '日局トウキ  3.0g', '2026-06-18 18:32:47', '2026-06-18 18:32:47'),
  (309, 49, 23, 4.000, 'g', 1, '日局シャクヤク      4.0g', '2026-06-18 18:34:33', '2026-06-18 18:34:33'),
  (310, 49, 22, 4.000, 'g', 2, '日局トウキ  4.0g', '2026-06-18 18:34:33', '2026-06-18 18:34:33'),
  (311, 49, 35, 3.000, 'g', 3, '日局オウギ  3.0g', '2026-06-18 18:34:33', '2026-06-18 18:34:33'),
  (312, 49, 29, 3.000, 'g', 4, '日局ジオウ  3.0g', '2026-06-18 18:34:33', '2026-06-18 18:34:33'),
  (313, 49, 24, 3.000, 'g', 5, '日局センキュウ  3.0g', '2026-06-18 18:34:33', '2026-06-18 18:34:33'),
  (314, 49, 78, 3.000, 'g', 6, '日局チョウトウコウ   3.0g', '2026-06-18 18:34:33', '2026-06-18 18:34:33'),
  (315, 49, 31, 2.000, 'g', 7, '日局オウバク      2.0g', '2026-06-18 18:34:33', '2026-06-18 18:34:33'),
  (316, 50, 9, 4.000, 'g', 1, '日局ソウジュツ  4.0g', '2026-06-18 18:35:08', '2026-06-18 18:35:08'),
  (317, 50, 25, 4.000, 'g', 2, '日局ニンジン    4.0g', '2026-06-18 18:35:08', '2026-06-18 18:35:08'),
  (318, 50, 14, 4.000, 'g', 3, '日局ブクリョウ  4.0g', '2026-06-18 18:35:08', '2026-06-18 18:35:08'),
  (319, 50, 5, 1.000, 'g', 4, '日局カンゾウ  1.0g', '2026-06-18 18:35:08', '2026-06-18 18:35:08'),
  (320, 50, 15, 1.000, 'g', 5, '日局ショウキョウ      1.0g', '2026-06-18 18:35:08', '2026-06-18 18:35:08'),
  (321, 50, 16, 1.000, 'g', 6, '日局タイソウ      1.0g', '2026-06-18 18:35:08', '2026-06-18 18:35:08'),
  (322, 51, 36, 5.000, 'g', 1, '日局サイコ  5.0g', '2026-06-18 18:35:39', '2026-06-18 18:35:39'),
  (323, 51, 23, 4.000, 'g', 2, '日局シャクヤク  4.0g', '2026-06-18 18:35:39', '2026-06-18 18:35:39'),
  (324, 51, 49, 2.000, 'g', 3, '日局キジツ  2.0g', '2026-06-18 18:35:39', '2026-06-18 18:35:39'),
  (325, 51, 5, 1.500, 'g', 4, '日局カンゾウ  1.5g', '2026-06-18 18:35:39', '2026-06-18 18:35:39'),
  (326, 52, 29, 6.000, 'g', 1, '日局ジオウ      6.0g', '2026-06-18 18:37:06', '2026-06-18 18:37:06'),
  (327, 52, 30, 3.000, 'g', 2, '日局オウゴン  3.0g', '2026-06-18 18:37:06', '2026-06-18 18:37:06'),
  (328, 52, 72, 3.000, 'g', 3, '日局クジン      3.0g', '2026-06-18 18:37:06', '2026-06-18 18:37:06'),
  (329, 53, 40, 10.000, 'g', 1, '日局サンソウニン    10.0g', '2026-06-18 18:37:51', '2026-06-18 18:37:51'),
  (330, 53, 14, 5.000, 'g', 2, '日局ブクリョウ  5.0g', '2026-06-18 18:37:51', '2026-06-18 18:37:51'),
  (331, 53, 24, 3.000, 'g', 3, '日局センキュウ  3.0g', '2026-06-18 18:37:51', '2026-06-18 18:37:51'),
  (332, 53, 71, 3.000, 'g', 4, '日局チモ  3.0g', '2026-06-18 18:37:51', '2026-06-18 18:37:51'),
  (333, 53, 5, 1.000, 'g', 5, '日局カンゾウ  1.0g', '2026-06-18 18:37:51', '2026-06-18 18:37:51'),
  (334, 54, 30, 3.000, 'g', 1, '日局オウゴン      3.0g', '2026-06-18 18:38:30', '2026-06-18 18:38:30'),
  (335, 54, 32, 3.000, 'g', 2, '日局オウレン  3.0g', '2026-06-18 18:38:30', '2026-06-18 18:38:30'),
  (336, 54, 19, 3.000, 'g', 3, '日局ダイオウ      3.0g', '2026-06-18 18:38:30', '2026-06-18 18:38:30'),
  (337, 55, 36, 7.000, 'g', 1, '日局サイコ  7.0g', '2026-06-18 18:39:07', '2026-06-18 18:39:07'),
  (338, 55, 10, 5.000, 'g', 2, '日局タクシャ    5.0g', '2026-06-18 18:39:07', '2026-06-18 18:39:07'),
  (339, 55, 21, 5.000, 'g', 3, '日局ハンゲ    5.0g', '2026-06-18 18:39:07', '2026-06-18 18:39:07'),
  (340, 55, 30, 3.000, 'g', 4, '日局オウゴン    3.0g', '2026-06-18 18:39:07', '2026-06-18 18:39:07'),
  (341, 55, 9, 3.000, 'g', 5, '日局ソウジュツ  3.0g', '2026-06-18 18:39:07', '2026-06-18 18:39:07'),
  (342, 55, 16, 3.000, 'g', 6, '日局タイソウ  3.0g', '2026-06-18 18:39:07', '2026-06-18 18:39:07'),
  (343, 55, 11, 3.000, 'g', 7, '日局チョレイ  3.0g', '2026-06-18 18:39:07', '2026-06-18 18:39:07'),
  (344, 55, 25, 3.000, 'g', 8, '日局ニンジン  3.0g', '2026-06-18 18:39:07', '2026-06-18 18:39:07'),
  (345, 55, 14, 3.000, 'g', 9, '日局ブクリョウ  3.0g', '2026-06-18 18:39:07', '2026-06-18 18:39:07'),
  (346, 55, 5, 2.000, 'g', 10, '日局カンゾウ  2.0g', '2026-06-18 18:39:07', '2026-06-18 18:39:07'),
  (347, 55, 1, 2.000, 'g', 11, '日局ケイヒ  2.0g', '2026-06-18 18:39:07', '2026-06-18 18:39:07'),
  (348, 55, 15, 1.000, 'g', 12, '日局ショウキョウ    1.0g', '2026-06-18 18:39:07', '2026-06-18 18:39:07'),
  (349, 56, 36, 7.000, 'g', 1, '日局サイコ  7.0g', '2026-06-18 18:39:32', '2026-06-18 18:39:32'),
  (350, 56, 21, 5.000, 'g', 2, '日局ハンゲ    5.0g', '2026-06-18 18:39:32', '2026-06-18 18:39:32'),
  (351, 56, 14, 5.000, 'g', 3, '日局ブクリョウ  5.0g', '2026-06-18 18:39:32', '2026-06-18 18:39:32'),
  (352, 56, 30, 3.000, 'g', 4, '日局オウゴン    3.0g', '2026-06-18 18:39:32', '2026-06-18 18:39:32'),
  (353, 56, 8, 3.000, 'g', 5, '日局コウボク  3.0g', '2026-06-18 18:39:32', '2026-06-18 18:39:32'),
  (354, 56, 16, 3.000, 'g', 6, '日局タイソウ  3.0g', '2026-06-18 18:39:32', '2026-06-18 18:39:32'),
  (355, 56, 25, 3.000, 'g', 7, '日局ニンジン  3.0g', '2026-06-18 18:39:32', '2026-06-18 18:39:32'),
  (356, 56, 5, 2.000, 'g', 8, '日局カンゾウ  2.0g', '2026-06-18 18:39:32', '2026-06-18 18:39:32'),
  (357, 56, 65, 2.000, 'g', 9, '日局ソヨウ  2.0g', '2026-06-18 18:39:32', '2026-06-18 18:39:32'),
  (358, 56, 15, 1.000, 'g', 10, '日局ショウキョウ    1.0g', '2026-06-18 18:39:32', '2026-06-18 18:39:32'),
  (359, 57, 36, 2.000, 'g', 1, '日局サイコ  2.0g', '2026-06-18 18:40:49', '2026-06-18 18:40:49'),
  (360, 57, 30, 1.500, 'g', 2, '日局オウゴン  1.5g', '2026-06-18 18:40:49', '2026-06-18 18:40:49'),
  (361, 57, 31, 1.500, 'g', 3, '日局オウバク  1.5g', '2026-06-18 18:40:49', '2026-06-18 18:40:49'),
  (362, 57, 32, 1.500, 'g', 4, '日局オウレン  1.5g', '2026-06-18 18:40:49', '2026-06-18 18:40:49'),
  (363, 57, 79, 1.500, 'g', 5, '日局カロコン  1.5g', '2026-06-18 18:40:49', '2026-06-18 18:40:49'),
  (364, 57, 5, 1.500, 'g', 6, '日局カンゾウ  1.5g', '2026-06-18 18:40:49', '2026-06-18 18:40:49'),
  (365, 57, 47, 1.500, 'g', 7, '日局キキョウ  1.5g', '2026-06-18 18:40:49', '2026-06-18 18:40:49'),
  (366, 57, 68, 1.500, 'g', 8, '日局ゴボウシ  1.5g', '2026-06-18 18:40:49', '2026-06-18 18:40:49'),
  (367, 57, 18, 1.500, 'g', 9, '日局サンシシ  1.5g', '2026-06-18 18:40:49', '2026-06-18 18:40:49'),
  (368, 57, 29, 1.500, 'g', 10, '日局ジオウ  1.5g', '2026-06-18 18:40:49', '2026-06-18 18:40:49'),
  (369, 57, 23, 1.500, 'g', 11, '日局シャクヤク  1.5g', '2026-06-18 18:40:49', '2026-06-18 18:40:49'),
  (370, 57, 24, 1.500, 'g', 12, '日局センキュウ  1.5g', '2026-06-18 18:40:49', '2026-06-18 18:40:49'),
  (371, 57, 22, 1.500, 'g', 13, '日局トウキ  1.5g', '2026-06-18 18:40:49', '2026-06-18 18:40:49'),
  (372, 57, 44, 1.500, 'g', 14, '日局ハッカ  1.5g', '2026-06-18 18:40:49', '2026-06-18 18:40:49'),
  (373, 57, 53, 1.500, 'g', 15, '日局レンギョウ  1.5g', '2026-06-18 18:40:49', '2026-06-18 18:40:49'),
  (374, 58, 36, 5.000, 'g', 1, '日局サイコ  5.0g', '2026-06-18 18:41:20', '2026-06-18 18:41:20'),
  (375, 58, 21, 4.000, 'g', 2, '日局ハンゲ    4.0g', '2026-06-18 18:41:20', '2026-06-18 18:41:20'),
  (376, 58, 30, 2.000, 'g', 3, '日局オウゴン  2.0g', '2026-06-18 18:41:20', '2026-06-18 18:41:20'),
  (377, 58, 5, 2.000, 'g', 4, '日局カンゾウ  2.0g', '2026-06-18 18:41:20', '2026-06-18 18:41:20'),
  (378, 58, 1, 2.000, 'g', 5, '日局ケイヒ  2.0g', '2026-06-18 18:41:20', '2026-06-18 18:41:20'),
  (379, 58, 23, 2.000, 'g', 6, '日局シャクヤク  2.0g', '2026-06-18 18:41:20', '2026-06-18 18:41:20'),
  (380, 58, 16, 2.000, 'g', 7, '日局タイソウ  2.0g', '2026-06-18 18:41:20', '2026-06-18 18:41:20'),
  (381, 58, 25, 2.000, 'g', 8, '日局ニンジン  2.0g', '2026-06-18 18:41:20', '2026-06-18 18:41:20'),
  (382, 58, 15, 1.000, 'g', 9, '日局ショウキョウ    1.0g', '2026-06-18 18:41:20', '2026-06-18 18:41:20'),
  (383, 59, 36, 6.000, 'g', 1, '日局サイコ  6.0g', '2026-06-18 18:42:31', '2026-06-18 18:42:31'),
  (384, 59, 30, 3.000, 'g', 2, '日局オウゴン  3.0g', '2026-06-18 18:42:31', '2026-06-18 18:42:31'),
  (385, 59, 79, 3.000, 'g', 3, '日局カロコン  3.0g', '2026-06-18 18:42:31', '2026-06-18 18:42:31'),
  (386, 59, 1, 3.000, 'g', 4, '日局ケイヒ    3.0g', '2026-06-18 18:42:31', '2026-06-18 18:42:31'),
  (387, 59, 3, 3.000, 'g', 5, '日局ボレイ  3.0g', '2026-06-18 18:42:31', '2026-06-18 18:42:31'),
  (388, 59, 38, 2.000, 'g', 6, '日局カンキョウ  2.0g', '2026-06-18 18:42:31', '2026-06-18 18:42:31'),
  (389, 59, 5, 2.000, 'g', 7, '日局カンゾウ  2.0g', '2026-06-18 18:42:31', '2026-06-18 18:42:31'),
  (390, 60, 36, 5.000, 'g', 1, '日局サイコ  5.0g', '2026-06-18 18:43:49', '2026-06-18 18:43:49'),
  (391, 60, 21, 4.000, 'g', 2, '日局ハンゲ    4.0g', '2026-06-18 18:43:49', '2026-06-18 18:43:49'),
  (392, 60, 1, 3.000, 'g', 3, '日局ケイヒ    3.0g', '2026-06-18 18:43:49', '2026-06-18 18:43:49'),
  (393, 60, 14, 3.000, 'g', 4, '日局ブクリョウ  3.0g', '2026-06-18 18:43:49', '2026-06-18 18:43:49'),
  (394, 60, 30, 2.500, 'g', 5, '日局オウゴン  2.5g', '2026-06-18 18:43:49', '2026-06-18 18:43:49'),
  (395, 60, 16, 2.500, 'g', 6, '日局タイソウ  2.5g', '2026-06-18 18:43:49', '2026-06-18 18:43:49'),
  (396, 60, 25, 2.500, 'g', 7, '日局ニンジン  2.5g', '2026-06-18 18:43:49', '2026-06-18 18:43:49'),
  (397, 60, 3, 2.500, 'g', 8, '日局ボレイ  2.5g', '2026-06-18 18:43:49', '2026-06-18 18:43:49'),
  (398, 60, 55, 2.500, 'g', 9, '日局リュウコツ  2.5g', '2026-06-18 18:43:49', '2026-06-18 18:43:49'),
  (399, 60, 15, 1.000, 'g', 10, '日局ショウキョウ    1.0g', '2026-06-18 18:43:49', '2026-06-18 18:43:49'),
  (400, 61, 36, 5.000, 'g', 1, '日局サイコ  5.0g', '2026-06-18 18:44:31', '2026-06-18 18:44:31'),
  (401, 61, 21, 5.000, 'g', 2, '日局ハンゲ  5.0g', '2026-06-18 18:44:31', '2026-06-18 18:44:31'),
  (402, 61, 30, 3.000, 'g', 3, '日局オウゴン  3.0g', '2026-06-18 18:44:31', '2026-06-18 18:44:31'),
  (403, 61, 16, 3.000, 'g', 4, '日局タイソウ  3.0g', '2026-06-18 18:44:31', '2026-06-18 18:44:31'),
  (404, 61, 25, 2.000, 'g', 5, '日局ニンジン  2.0g', '2026-06-18 18:44:31', '2026-06-18 18:44:31'),
  (405, 61, 32, 1.500, 'g', 6, '日局オウレン  1.5g', '2026-06-18 18:44:31', '2026-06-18 18:44:31'),
  (406, 61, 5, 1.500, 'g', 7, '日局カンゾウ  1.5g', '2026-06-18 18:44:31', '2026-06-18 18:44:31'),
  (407, 61, 15, 1.000, 'g', 8, '日局ショウキョウ    1.0g', '2026-06-18 18:44:31', '2026-06-18 18:44:31'),
  (408, 61, 80, 3.000, 'g', 9, 'カロニン 3.0g', '2026-06-18 18:44:31', '2026-06-18 18:44:31'),
  (409, 62, 10, 4.000, 'g', 1, '日局タクシャ  4.0g', '2026-06-18 18:44:57', '2026-06-18 18:44:57'),
  (410, 62, 9, 3.000, 'g', 2, '日局ソウジュツ  3.0g', '2026-06-18 18:44:57', '2026-06-18 18:44:57'),
  (411, 62, 11, 3.000, 'g', 3, '日局チョレイ    3.0g', '2026-06-18 18:44:57', '2026-06-18 18:44:57'),
  (412, 62, 14, 3.000, 'g', 4, '日局ブクリョウ  3.0g', '2026-06-18 18:44:57', '2026-06-18 18:44:57'),
  (413, 62, 1, 1.500, 'g', 5, '日局ケイヒ  1.5g', '2026-06-18 18:44:57', '2026-06-18 18:44:57'),
  (414, 63, 14, 6.000, 'g', 1, '日局ブクリョウ  6.0g', '2026-06-18 18:45:43', '2026-06-18 18:45:43'),
  (415, 63, 30, 3.000, 'g', 2, '日局オウゴン  3.0g', '2026-06-18 18:45:43', '2026-06-18 18:45:43'),
  (416, 63, 81, 3.000, 'g', 3, '日局カッセキ  3.0g', '2026-06-18 18:45:43', '2026-06-18 18:45:43'),
  (417, 63, 5, 3.000, 'g', 4, '日局カンゾウ  3.0g', '2026-06-18 18:45:43', '2026-06-18 18:45:43'),
  (418, 63, 29, 3.000, 'g', 5, '日局ジオウ    3.0g', '2026-06-18 18:45:43', '2026-06-18 18:45:43'),
  (419, 63, 63, 3.000, 'g', 6, '日局シャゼンシ  3.0g', '2026-06-18 18:45:43', '2026-06-18 18:45:43'),
  (420, 63, 10, 3.000, 'g', 7, '日局タクシャ  3.0g', '2026-06-18 18:45:43', '2026-06-18 18:45:43'),
  (421, 63, 22, 3.000, 'g', 8, '日局トウキ  3.0g', '2026-06-18 18:45:43', '2026-06-18 18:45:43'),
  (422, 63, 69, 3.000, 'g', 9, '日局モクツウ  3.0g', '2026-06-18 18:45:43', '2026-06-18 18:45:43'),
  (423, 63, 18, 2.000, 'g', 10, '日局サンシシ  2.0g', '2026-06-18 18:45:43', '2026-06-18 18:45:43'),
  (424, 63, 23, 2.000, 'g', 11, '日局シャクヤク  2.0g', '2026-06-18 18:45:43', '2026-06-18 18:45:43'),
  (425, 64, 16, 4.000, 'g', 1, '日局タイソウ      4.0g', '2026-06-18 18:46:36', '2026-06-18 18:46:36'),
  (426, 64, 27, 3.000, 'g', 2, '日局ゴシュユ      3.0g', '2026-06-18 18:46:36', '2026-06-18 18:46:36'),
  (427, 64, 25, 2.000, 'g', 3, '日局ニンジン      2.0g', '2026-06-18 18:46:36', '2026-06-18 18:46:36'),
  (428, 64, 15, 1.500, 'g', 4, '日局ショウキョウ      1.5g', '2026-06-18 18:46:36', '2026-06-18 18:46:36'),
  (429, 65, 64, 4.000, 'g', 1, '日局コウブシ  4.0g', '2026-06-18 19:00:09', '2026-06-18 19:00:09'),
  (430, 65, 24, 3.000, 'g', 2, '日局センキュウ  3.0g', '2026-06-18 19:00:09', '2026-06-18 19:00:09'),
  (431, 65, 82, 2.000, 'g', 3, '日局キョウカツ  2.0g', '2026-06-18 19:00:09', '2026-06-18 19:00:09'),
  (432, 65, 50, 2.000, 'g', 4, '日局ケイガイ      2.0g', '2026-06-18 19:00:09', '2026-06-18 19:00:09'),
  (433, 65, 44, 2.000, 'g', 5, '日局ハッカ  2.0g', '2026-06-18 19:00:09', '2026-06-18 19:00:09'),
  (434, 65, 51, 2.000, 'g', 6, '日局ビャクシ  2.0g', '2026-06-18 19:00:09', '2026-06-18 19:00:09'),
  (435, 65, 52, 2.000, 'g', 7, '日局ボウフウ  2.0g', '2026-06-18 19:00:09', '2026-06-18 19:00:09'),
  (436, 65, 5, 1.500, 'g', 8, '日局カンゾウ  1.5g', '2026-06-18 19:00:09', '2026-06-18 19:00:09'),
  (437, 65, 83, 1.500, 'g', 9, 'チャヨウ  1.5g', '2026-06-18 19:00:09', '2026-06-18 19:00:09'),
  (438, 66, 22, 3.000, 'g', 1, '日局トウキ      3.0g', '2026-06-18 19:00:43', '2026-06-18 19:00:43'),
  (439, 66, 20, 3.000, 'g', 2, '日局バクモンドウ    3.0g', '2026-06-18 19:00:43', '2026-06-18 19:00:43'),
  (440, 66, 14, 3.000, 'g', 3, '日局ブクリョウ    3.0g', '2026-06-18 19:00:43', '2026-06-18 19:00:43'),
  (441, 66, 30, 2.000, 'g', 4, '日局オウゴン    2.0g', '2026-06-18 19:00:43', '2026-06-18 19:00:43'),
  (442, 66, 47, 2.000, 'g', 5, '日局キキョウ    2.0g', '2026-06-18 19:00:43', '2026-06-18 19:00:43'),
  (443, 66, 66, 2.000, 'g', 6, '日局キョウニン    2.0g', '2026-06-18 19:00:43', '2026-06-18 19:00:43'),
  (444, 66, 18, 2.000, 'g', 7, '日局サンシシ    2.0g', '2026-06-18 19:00:43', '2026-06-18 19:00:43'),
  (445, 66, 67, 2.000, 'g', 8, '日局ソウハクヒ    2.0g', '2026-06-18 19:00:43', '2026-06-18 19:00:43'),
  (446, 66, 16, 2.000, 'g', 9, '日局タイソウ  2.0g', '2026-06-18 19:00:43', '2026-06-18 19:00:43'),
  (447, 66, 12, 2.000, 'g', 10, '日局チンピ  2.0g', '2026-06-18 19:00:43', '2026-06-18 19:00:43'),
  (448, 66, 84, 2.000, 'g', 11, '日局テンモンドウ    2.0g', '2026-06-18 19:00:43', '2026-06-18 19:00:43'),
  (449, 66, 85, 2.000, 'g', 12, '日局バイモ    2.0g', '2026-06-18 19:00:43', '2026-06-18 19:00:43'),
  (450, 66, 5, 1.000, 'g', 13, '日局カンゾウ    1.0g', '2026-06-18 19:00:43', '2026-06-18 19:00:43'),
  (451, 66, 74, 1.000, 'g', 14, '日局ゴミシ    1.0g', '2026-06-18 19:00:43', '2026-06-18 19:00:43'),
  (452, 66, 15, 1.000, 'g', 15, '日局ショウキョウ    1.0g', '2026-06-18 19:00:43', '2026-06-18 19:00:43'),
  (453, 66, 86, 2.000, 'g', 16, 'チクジョ 2.0g', '2026-06-18 19:00:43', '2026-06-18 19:00:43'),
  (454, 67, 30, 2.500, 'g', 1, '日局オウゴン  2.5g', '2026-06-18 19:01:31', '2026-06-18 19:01:31'),
  (455, 67, 47, 2.500, 'g', 2, '日局キキョウ    2.5g', '2026-06-18 19:01:31', '2026-06-18 19:01:31'),
  (456, 67, 18, 2.500, 'g', 3, '日局サンシシ    2.5g', '2026-06-18 19:01:31', '2026-06-18 19:01:31'),
  (457, 67, 24, 2.500, 'g', 4, '日局センキュウ  2.5g', '2026-06-18 19:01:31', '2026-06-18 19:01:31'),
  (458, 67, 87, 2.500, 'g', 5, '日局ハマボウフウ    2.5g', '2026-06-18 19:01:31', '2026-06-18 19:01:31'),
  (459, 67, 51, 2.500, 'g', 6, '日局ビャクシ    2.5g', '2026-06-18 19:01:31', '2026-06-18 19:01:31'),
  (460, 67, 53, 2.500, 'g', 7, '日局レンギョウ  2.5g', '2026-06-18 19:01:31', '2026-06-18 19:01:31'),
  (461, 67, 32, 1.000, 'g', 8, '日局オウレン  1.0g', '2026-06-18 19:01:31', '2026-06-18 19:01:31'),
  (462, 67, 5, 1.000, 'g', 9, '日局カンゾウ  1.0g', '2026-06-18 19:01:31', '2026-06-18 19:01:31'),
  (463, 67, 49, 1.000, 'g', 10, '日局キジツ  1.0g', '2026-06-18 19:01:31', '2026-06-18 19:01:31'),
  (464, 67, 50, 1.000, 'g', 11, '日局ケイガイ  1.0g', '2026-06-18 19:01:31', '2026-06-18 19:01:31'),
  (465, 67, 44, 1.000, 'g', 12, '日局ハッカ  1.0g', '2026-06-18 19:01:31', '2026-06-18 19:01:31'),
  (466, 68, 20, 4.000, 'g', 1, '日局バクモンドウ    4.0g', '2026-06-18 19:02:48', '2026-06-18 19:02:48'),
  (467, 68, 14, 4.000, 'g', 2, '日局ブクリョウ    4.0g', '2026-06-18 19:02:48', '2026-06-18 19:02:48'),
  (468, 68, 59, 4.000, 'g', 3, '日局レンニク    4.0g', '2026-06-18 19:02:48', '2026-06-18 19:02:48'),
  (469, 68, 30, 3.000, 'g', 4, '日局オウゴン    3.0g', '2026-06-18 19:02:48', '2026-06-18 19:02:48'),
  (470, 68, 63, 3.000, 'g', 5, '日局シャゼンシ    3.0g', '2026-06-18 19:02:48', '2026-06-18 19:02:48'),
  (471, 68, 25, 3.000, 'g', 6, '日局ニンジン  3.0g', '2026-06-18 19:02:48', '2026-06-18 19:02:48'),
  (472, 68, 35, 2.000, 'g', 7, '日局オウギ  2.0g', '2026-06-18 19:02:48', '2026-06-18 19:02:48'),
  (473, 68, 88, 2.000, 'g', 8, '日局ジコッピ  2.0g', '2026-06-18 19:02:48', '2026-06-18 19:02:48'),
  (474, 68, 5, 1.500, 'g', 9, '日局カンゾウ  1.5g', '2026-06-18 19:02:48', '2026-06-18 19:02:48'),
  (475, 69, 9, 3.500, 'g', 1, '日局ソウジュツ  3.5g', '2026-06-18 19:03:35', '2026-06-18 19:03:35'),
  (476, 69, 25, 3.500, 'g', 2, '日局ニンジン  3.5g', '2026-06-18 19:03:35', '2026-06-18 19:03:35'),
  (477, 69, 20, 3.500, 'g', 3, '日局バクモンドウ    3.5g', '2026-06-18 19:03:35', '2026-06-18 19:03:35'),
  (478, 69, 35, 3.000, 'g', 4, '日局オウギ    3.0g', '2026-06-18 19:03:35', '2026-06-18 19:03:35'),
  (479, 69, 12, 3.000, 'g', 5, '日局チンピ    3.0g', '2026-06-18 19:03:35', '2026-06-18 19:03:35'),
  (480, 69, 22, 3.000, 'g', 6, '日局トウキ  3.0g', '2026-06-18 19:03:35', '2026-06-18 19:03:35'),
  (481, 69, 31, 1.000, 'g', 7, '日局オウバク  1.0g', '2026-06-18 19:03:35', '2026-06-18 19:03:35'),
  (482, 69, 5, 1.000, 'g', 8, '日局カンゾウ  1.0g', '2026-06-18 19:03:35', '2026-06-18 19:03:35'),
  (483, 69, 74, 1.000, 'g', 9, '日局ゴミシ  1.0g', '2026-06-18 19:03:35', '2026-06-18 19:03:35'),
  (484, 70, 21, 3.000, 'g', 1, '日局ハンゲ  3.0g', '2026-06-18 19:04:21', '2026-06-18 19:04:21'),
  (485, 70, 14, 3.000, 'g', 2, '日局ブクリョウ  3.0g', '2026-06-18 19:04:21', '2026-06-18 19:04:21'),
  (486, 70, 39, 2.000, 'g', 3, '日局カッコン    2.0g', '2026-06-18 19:04:21', '2026-06-18 19:04:21'),
  (487, 70, 47, 2.000, 'g', 4, '日局キキョウ    2.0g', '2026-06-18 19:04:21', '2026-06-18 19:04:21'),
  (488, 70, 89, 2.000, 'g', 5, '日局ゼンコ    2.0g', '2026-06-18 19:04:21', '2026-06-18 19:04:21'),
  (489, 70, 12, 2.000, 'g', 6, '日局チンピ  2.0g', '2026-06-18 19:04:21', '2026-06-18 19:04:21'),
  (490, 70, 16, 1.500, 'g', 7, '日局タイソウ  1.5g', '2026-06-18 19:04:21', '2026-06-18 19:04:21'),
  (491, 70, 25, 1.500, 'g', 8, '日局ニンジン  1.5g', '2026-06-18 19:04:21', '2026-06-18 19:04:21'),
  (492, 70, 5, 1.000, 'g', 9, '日局カンゾウ  1.0g', '2026-06-18 19:04:21', '2026-06-18 19:04:21'),
  (493, 70, 49, 1.000, 'g', 10, '日局キジツ  1.0g', '2026-06-18 19:04:21', '2026-06-18 19:04:21'),
  (494, 70, 65, 1.000, 'g', 11, '日局ソヨウ  1.0g', '2026-06-18 19:04:21', '2026-06-18 19:04:21'),
  (495, 70, 15, 0.500, 'g', 12, '日局ショウキョウ    0.5g', '2026-06-18 19:04:21', '2026-06-18 19:04:21'),
  (496, 71, 29, 6.000, 'g', 1, '日局ジオウ  6.0g', '2026-06-18 19:05:05', '2026-06-18 19:05:05'),
  (497, 71, 22, 3.000, 'g', 2, '日局トウキ    3.0g', '2026-06-18 19:05:05', '2026-06-18 19:05:05'),
  (498, 71, 30, 2.000, 'g', 3, '日局オウゴン    2.0g', '2026-06-18 19:05:05', '2026-06-18 19:05:05'),
  (499, 71, 49, 2.000, 'g', 4, '日局キジツ    2.0g', '2026-06-18 19:05:05', '2026-06-18 19:05:05'),
  (500, 71, 66, 2.000, 'g', 5, '日局キョウニン  2.0g', '2026-06-18 19:05:05', '2026-06-18 19:05:05'),
  (501, 71, 8, 2.000, 'g', 6, '日局コウボク  2.0g', '2026-06-18 19:05:05', '2026-06-18 19:05:05'),
  (502, 71, 19, 2.000, 'g', 7, '日局ダイオウ  2.0g', '2026-06-18 19:05:05', '2026-06-18 19:05:05'),
  (503, 71, 56, 2.000, 'g', 8, '日局トウニン  2.0g', '2026-06-18 19:05:05', '2026-06-18 19:05:05'),
  (504, 71, 77, 2.000, 'g', 9, '日局マシニン  2.0g', '2026-06-18 19:05:05', '2026-06-18 19:05:05'),
  (505, 71, 5, 1.500, 'g', 10, '日局カンゾウ  1.5g', '2026-06-18 19:05:05', '2026-06-18 19:05:05'),
  (506, 72, 47, 3.000, 'g', 1, '日局キキョウ  3.0g', '2026-06-18 19:06:40', '2026-06-18 19:06:40'),
  (507, 72, 36, 3.000, 'g', 2, '日局サイコ    3.0g', '2026-06-18 19:06:40', '2026-06-18 19:06:40'),
  (508, 72, 24, 3.000, 'g', 3, '日局センキュウ  3.0g', '2026-06-18 19:06:40', '2026-06-18 19:06:40'),
  (509, 72, 14, 3.000, 'g', 4, '日局ブクリョウ  3.0g', '2026-06-18 19:06:40', '2026-06-18 19:06:40'),
  (510, 72, 90, 3.000, 'g', 5, '日局ボクソク  3.0g', '2026-06-18 19:06:40', '2026-06-18 19:06:40'),
  (511, 72, 91, 1.500, 'g', 6, '日局ドクカツ  1.5g', '2026-06-18 19:06:40', '2026-06-18 19:06:40'),
  (512, 72, 52, 1.500, 'g', 7, '日局ボウフウ  1.5g', '2026-06-18 19:06:40', '2026-06-18 19:06:40'),
  (513, 72, 5, 1.000, 'g', 8, '日局カンゾウ  1.0g', '2026-06-18 19:06:40', '2026-06-18 19:06:40'),
  (514, 72, 50, 1.000, 'g', 9, '日局ケイガイ  1.0g', '2026-06-18 19:06:40', '2026-06-18 19:06:40'),
  (515, 72, 15, 1.000, 'g', 10, '日局ショウキョウ    1.0g', '2026-06-18 19:06:40', '2026-06-18 19:06:40'),
  (516, 73, 35, 3.000, 'g', 1, '日局オウギ  3.0g', '2026-06-18 19:07:23', '2026-06-18 19:07:23'),
  (517, 73, 1, 3.000, 'g', 2, '日局ケイヒ  3.0g', '2026-06-18 19:07:23', '2026-06-18 19:07:23'),
  (518, 73, 29, 3.000, 'g', 3, '日局ジオウ  3.0g', '2026-06-18 19:07:23', '2026-06-18 19:07:23'),
  (519, 73, 23, 3.000, 'g', 4, '日局シャクヤク  3.0g', '2026-06-18 19:07:23', '2026-06-18 19:07:23'),
  (520, 73, 24, 3.000, 'g', 5, '日局センキュウ  3.0g', '2026-06-18 19:07:23', '2026-06-18 19:07:23'),
  (521, 73, 9, 3.000, 'g', 6, '日局ソウジュツ  3.0g', '2026-06-18 19:07:23', '2026-06-18 19:07:23'),
  (522, 73, 22, 3.000, 'g', 7, '日局トウキ  3.0g', '2026-06-18 19:07:23', '2026-06-18 19:07:23'),
  (523, 73, 25, 3.000, 'g', 8, '日局ニンジン  3.0g', '2026-06-18 19:07:23', '2026-06-18 19:07:23'),
  (524, 73, 14, 3.000, 'g', 9, '日局ブクリョウ  3.0g', '2026-06-18 19:07:23', '2026-06-18 19:07:23'),
  (525, 73, 5, 1.500, 'g', 10, '日局カンゾウ  1.5g', '2026-06-18 19:07:23', '2026-06-18 19:07:23'),
  (526, 74, 64, 3.000, 'g', 1, '日局コウブシ  3.0g', '2026-06-18 19:08:36', '2026-06-18 19:08:36'),
  (527, 74, 36, 3.000, 'g', 2, '日局サイコ    3.0g', '2026-06-18 19:08:36', '2026-06-18 19:08:36'),
  (528, 74, 88, 3.000, 'g', 3, '日局ジコッピ    3.0g', '2026-06-18 19:08:36', '2026-06-18 19:08:36'),
  (529, 74, 23, 3.000, 'g', 4, '日局シャクヤク  3.0g', '2026-06-18 19:08:36', '2026-06-18 19:08:36'),
  (530, 74, 71, 3.000, 'g', 5, '日局チモ    3.0g', '2026-06-18 19:08:36', '2026-06-18 19:08:36'),
  (531, 74, 12, 3.000, 'g', 6, '日局チンピ    3.0g', '2026-06-18 19:08:36', '2026-06-18 19:08:36'),
  (532, 74, 22, 3.000, 'g', 7, '日局トウキ    3.0g', '2026-06-18 19:08:36', '2026-06-18 19:08:36'),
  (533, 74, 20, 3.000, 'g', 8, '日局バクモンドウ    3.0g', '2026-06-18 19:08:36', '2026-06-18 19:08:36'),
  (534, 74, 13, 3.000, 'g', 9, '日局ビャクジュツ    3.0g', '2026-06-18 19:08:36', '2026-06-18 19:08:36'),
  (535, 74, 14, 3.000, 'g', 10, '日局ブクリョウ    3.0g', '2026-06-18 19:08:36', '2026-06-18 19:08:36'),
  (536, 74, 85, 2.000, 'g', 11, '日局バイモ    2.0g', '2026-06-18 19:08:36', '2026-06-18 19:08:36'),
  (537, 74, 5, 1.000, 'g', 12, '日局カンゾウ    1.0g', '2026-06-18 19:08:36', '2026-06-18 19:08:36'),
  (538, 74, 44, 1.000, 'g', 13, '日局ハッカ    1.0g', '2026-06-18 19:08:36', '2026-06-18 19:08:36'),
  (539, 75, 14, 4.000, 'g', 1, '日局ブクリョウ      4.0g', '2026-06-18 19:09:28', '2026-06-18 19:09:28'),
  (540, 75, 23, 3.000, 'g', 2, '日局シャクヤク      3.0g', '2026-06-18 19:09:28', '2026-06-18 19:09:28'),
  (541, 75, 9, 3.000, 'g', 3, '日局ソウジュツ  3.0g', '2026-06-18 19:09:28', '2026-06-18 19:09:28'),
  (542, 75, 15, 1.500, 'g', 4, '日局ショウキョウ      1.5g', '2026-06-18 19:09:28', '2026-06-18 19:09:28'),
  (543, 75, 54, 0.500, 'g', 5, '日局ブシ末      0.5g', '2026-06-18 19:09:28', '2026-06-18 19:09:28'),
  (544, 76, 34, 5.000, 'g', 1, '日局マオウ  5.0g', '2026-06-18 19:10:14', '2026-06-18 19:10:14'),
  (545, 76, 66, 4.000, 'g', 2, '日局キョウニン  4.0g', '2026-06-18 19:10:14', '2026-06-18 19:10:14'),
  (546, 76, 8, 3.000, 'g', 3, '日局コウボク    3.0g', '2026-06-18 19:10:14', '2026-06-18 19:10:14'),
  (547, 76, 12, 2.500, 'g', 4, '日局チンピ    2.5g', '2026-06-18 19:10:14', '2026-06-18 19:10:14'),
  (548, 76, 5, 2.000, 'g', 5, '日局カンゾウ  2.0g', '2026-06-18 19:10:14', '2026-06-18 19:10:14'),
  (549, 76, 36, 2.000, 'g', 6, '日局サイコ  2.0g', '2026-06-18 19:10:14', '2026-06-18 19:10:14'),
  (550, 76, 65, 1.500, 'g', 7, '日局ソヨウ  1.5g', '2026-06-18 19:10:14', '2026-06-18 19:10:14'),
  (551, 77, 33, 5.000, 'g', 1, '日局セッコウ      5.0g', '2026-06-18 19:10:55', '2026-06-18 19:10:55'),
  (552, 77, 20, 5.000, 'g', 2, '日局バクモンドウ    5.0g', '2026-06-18 19:10:55', '2026-06-18 19:10:55'),
  (553, 77, 30, 3.000, 'g', 3, '日局オウゴン    3.0g', '2026-06-18 19:10:55', '2026-06-18 19:10:55'),
  (554, 77, 18, 3.000, 'g', 4, '日局サンシシ    3.0g', '2026-06-18 19:10:55', '2026-06-18 19:10:55'),
  (555, 77, 71, 3.000, 'g', 5, '日局チモ    3.0g', '2026-06-18 19:10:55', '2026-06-18 19:10:55'),
  (556, 77, 92, 3.000, 'g', 6, '日局ビャクゴウ  3.0g', '2026-06-18 19:10:55', '2026-06-18 19:10:55'),
  (557, 77, 45, 2.000, 'g', 7, '日局シンイ  2.0g', '2026-06-18 19:10:55', '2026-06-18 19:10:55'),
  (558, 77, 93, 2.000, 'g', 8, '日局ビワヨウ  2.0g', '2026-06-18 19:10:55', '2026-06-18 19:10:55'),
  (559, 77, 37, 1.000, 'g', 9, '日局ショウマ  1.0g', '2026-06-18 19:10:55', '2026-06-18 19:10:55'),
  (560, 78, 39, 5.000, 'g', 1, '日局カッコン      5.0g', '2026-06-18 19:12:13', '2026-06-18 19:12:13'),
  (561, 78, 23, 3.000, 'g', 2, '日局シャクヤク      3.0g', '2026-06-18 19:12:13', '2026-06-18 19:12:13'),
  (562, 78, 37, 2.000, 'g', 3, '日局ショウマ  2.0g', '2026-06-18 19:12:13', '2026-06-18 19:12:13'),
  (563, 78, 5, 1.500, 'g', 4, '日局カンゾウ      1.5g', '2026-06-18 19:12:13', '2026-06-18 19:12:13'),
  (564, 78, 15, 0.500, 'g', 5, '日局ショウキョウ      0.5g', '2026-06-18 19:12:13', '2026-06-18 19:12:13'),
  (565, 79, 29, 5.000, 'g', 1, '日局ジオウ  5.0g', '2026-06-18 19:46:05', '2026-06-18 19:46:05'),
  (566, 79, 62, 3.000, 'g', 2, '日局サンシュユ  3.0g', '2026-06-18 19:46:05', '2026-06-18 19:46:05'),
  (567, 79, 58, 3.000, 'g', 3, '日局サンヤク    3.0g', '2026-06-18 19:46:05', '2026-06-18 19:46:05'),
  (568, 79, 10, 3.000, 'g', 4, '日局タクシャ  3.0g', '2026-06-18 19:46:05', '2026-06-18 19:46:05'),
  (569, 79, 14, 3.000, 'g', 5, '日局ブクリョウ  3.0g', '2026-06-18 19:46:05', '2026-06-18 19:46:05'),
  (570, 79, 26, 3.000, 'g', 6, '日局ボタンピ  3.0g', '2026-06-18 19:46:05', '2026-06-18 19:46:05'),
  (571, 80, 14, 6.000, 'g', 1, '日局ブクリョウ  6.0g', '2026-06-18 19:57:28', '2026-06-18 19:57:28'),
  (572, 80, 1, 4.000, 'g', 2, '日局ケイヒ  4.0g', '2026-06-18 19:57:28', '2026-06-18 19:57:28'),
  (573, 80, 9, 3.000, 'g', 3, '日局ソウジュツ  3.0g', '2026-06-18 19:57:28', '2026-06-18 19:57:28'),
  (574, 80, 5, 2.000, 'g', 4, '日局カンゾウ  2.0g', '2026-06-18 19:57:28', '2026-06-18 19:57:28'),
  (575, 81, 14, 6.000, 'g', 1, '日局ブクリョウ      6.0g', '2026-06-18 22:32:27', '2026-06-18 22:32:27'),
  (576, 81, 38, 3.000, 'g', 2, '日局カンキョウ      3.0g', '2026-06-18 22:32:27', '2026-06-18 22:32:27'),
  (577, 81, 13, 3.000, 'g', 3, '日局ビャクジュツ      3.0g', '2026-06-18 22:32:27', '2026-06-18 22:32:27'),
  (578, 81, 5, 2.000, 'g', 4, '日局カンゾウ      2.0g', '2026-06-18 22:32:27', '2026-06-18 22:32:27'),
  (579, 82, 66, 4.000, 'g', 1, '日局キョウニン  4.0g', '2026-06-18 22:34:27', '2026-06-18 22:34:27'),
  (580, 82, 21, 4.000, 'g', 2, '日局ハンゲ    4.0g', '2026-06-18 22:34:27', '2026-06-18 22:34:27'),
  (581, 82, 14, 4.000, 'g', 3, '日局ブクリョウ  4.0g', '2026-06-18 22:34:27', '2026-06-18 22:34:27'),
  (582, 82, 74, 3.000, 'g', 4, '日局ゴミシ    3.0g', '2026-06-18 22:34:27', '2026-06-18 22:34:27'),
  (583, 82, 38, 2.000, 'g', 5, '日局カンキョウ  2.0g', '2026-06-18 22:34:27', '2026-06-18 22:34:27'),
  (584, 82, 5, 2.000, 'g', 6, '日局カンゾウ  2.0g', '2026-06-18 22:34:27', '2026-06-18 22:34:27'),
  (585, 82, 75, 2.000, 'g', 7, '日局サイシン  2.0g', '2026-06-18 22:34:27', '2026-06-18 22:34:27'),
  (586, 84, 29, 5.000, 'g', 1, '日局ジオウ  5.0g', '2026-06-18 23:48:08', '2026-06-18 23:48:08'),
  (587, 84, 22, 5.000, 'g', 2, '日局トウキ    5.0g', '2026-06-18 23:48:08', '2026-06-18 23:48:08'),
  (588, 84, 69, 5.000, 'g', 3, '日局モクツウ    5.0g', '2026-06-18 23:48:08', '2026-06-18 23:48:08'),
  (589, 84, 30, 3.000, 'g', 4, '日局オウゴン    3.0g', '2026-06-18 23:48:08', '2026-06-18 23:48:08'),
  (590, 84, 63, 3.000, 'g', 5, '日局シャゼンシ  3.0g', '2026-06-18 23:48:08', '2026-06-18 23:48:08'),
  (591, 84, 10, 3.000, 'g', 6, '日局タクシャ  3.0g', '2026-06-18 23:48:08', '2026-06-18 23:48:08'),
  (592, 84, 5, 1.000, 'g', 7, '日局カンゾウ  1.0g', '2026-06-18 23:48:08', '2026-06-18 23:48:08'),
  (593, 84, 18, 1.000, 'g', 8, '日局サンシシ  1.0g', '2026-06-18 23:48:08', '2026-06-18 23:48:08'),
  (594, 84, 94, 1.000, 'g', 9, '日局リュウタン  1.0g', '2026-06-18 23:48:08', '2026-06-18 23:48:08'),
  (595, 85, 75, 2.000, 'g', 1, '日局サイシン  2.0g', '2026-06-18 23:48:30', '2026-06-18 23:48:30'),
  (596, 85, 37, 2.000, 'g', 2, '日局ショウマ  2.0g', '2026-06-18 23:48:30', '2026-06-18 23:48:30'),
  (597, 85, 52, 2.000, 'g', 3, '日局ボウフウ  2.0g', '2026-06-18 23:48:30', '2026-06-18 23:48:30'),
  (598, 85, 5, 1.500, 'g', 4, '日局カンゾウ  1.5g', '2026-06-18 23:48:30', '2026-06-18 23:48:30'),
  (599, 85, 94, 1.000, 'g', 5, '日局リュウタン  1.0g', '2026-06-18 23:48:30', '2026-06-18 23:48:30'),
  (600, 86, 9, 4.000, 'g', 1, '日局ソウジュツ  4.0g', '2026-06-18 23:49:05', '2026-06-18 23:49:05'),
  (601, 86, 25, 4.000, 'g', 2, '日局ニンジン  4.0g', '2026-06-18 23:49:05', '2026-06-18 23:49:05'),
  (602, 86, 21, 4.000, 'g', 3, '日局ハンゲ    4.0g', '2026-06-18 23:49:05', '2026-06-18 23:49:05'),
  (603, 86, 14, 4.000, 'g', 4, '日局ブクリョウ  4.0g', '2026-06-18 23:49:05', '2026-06-18 23:49:05'),
  (604, 86, 16, 2.000, 'g', 5, '日局タイソウ  2.0g', '2026-06-18 23:49:05', '2026-06-18 23:49:05'),
  (605, 86, 12, 2.000, 'g', 6, '日局チンピ  2.0g', '2026-06-18 23:49:05', '2026-06-18 23:49:05'),
  (606, 86, 5, 1.000, 'g', 7, '日局カンゾウ  1.0g', '2026-06-18 23:49:05', '2026-06-18 23:49:05'),
  (607, 86, 15, 0.500, 'g', 8, '日局ショウキョウ    0.5g', '2026-06-18 23:49:05', '2026-06-18 23:49:05'),
  (608, 87, 21, 5.000, 'g', 1, '日局ハンゲ  5.0g', '2026-06-18 23:49:19', '2026-06-18 23:49:19'),
  (609, 87, 9, 4.000, 'g', 2, '日局ソウジュツ  4.0g', '2026-06-18 23:49:19', '2026-06-18 23:49:19'),
  (610, 87, 14, 4.000, 'g', 3, '日局ブクリョウ  4.0g', '2026-06-18 23:49:19', '2026-06-18 23:49:19'),
  (611, 87, 24, 3.000, 'g', 4, '日局センキュウ  3.0g', '2026-06-18 23:49:19', '2026-06-18 23:49:19'),
  (612, 87, 78, 3.000, 'g', 5, '日局チョウトウコウ   3.0g', '2026-06-18 23:49:19', '2026-06-18 23:49:19'),
  (613, 87, 12, 3.000, 'g', 6, '日局チンピ  3.0g', '2026-06-18 23:49:19', '2026-06-18 23:49:19'),
  (614, 87, 22, 3.000, 'g', 7, '日局トウキ  3.0g', '2026-06-18 23:49:19', '2026-06-18 23:49:19'),
  (615, 87, 36, 2.000, 'g', 8, '日局サイコ  2.0g', '2026-06-18 23:49:19', '2026-06-18 23:49:19'),
  (616, 87, 5, 1.500, 'g', 9, '日局カンゾウ  1.5g', '2026-06-18 23:49:19', '2026-06-18 23:49:19'),
  (617, 88, 9, 4.000, 'g', 1, '日局ソウジュツ  4.0g', '2026-06-18 23:51:00', '2026-06-18 23:51:00'),
  (618, 88, 14, 4.000, 'g', 2, '日局ブクリョウ  4.0g', '2026-06-18 23:51:00', '2026-06-18 23:51:00'),
  (619, 88, 24, 3.000, 'g', 3, '日局センキュウ  3.0g', '2026-06-18 23:51:00', '2026-06-18 23:51:00'),
  (620, 88, 78, 3.000, 'g', 4, '日局チョウトウコウ   3.0g', '2026-06-18 23:51:00', '2026-06-18 23:51:00'),
  (621, 88, 22, 3.000, 'g', 5, '日局トウキ  3.0g', '2026-06-18 23:51:00', '2026-06-18 23:51:00'),
  (622, 88, 36, 2.000, 'g', 6, '日局サイコ  2.0g', '2026-06-18 23:51:00', '2026-06-18 23:51:00'),
  (623, 88, 5, 1.500, 'g', 7, '日局カンゾウ    1.5g', '2026-06-18 23:51:00', '2026-06-18 23:51:00'),
  (624, 89, 57, 8.000, 'g', 1, '日局ヨクイニン  8.0g', '2026-06-18 23:54:49', '2026-06-18 23:54:49'),
  (625, 89, 9, 4.000, 'g', 2, '日局ソウジュツ  4.0g', '2026-06-18 23:54:49', '2026-06-18 23:54:49'),
  (626, 89, 22, 4.000, 'g', 3, '日局トウキ    4.0g', '2026-06-18 23:54:49', '2026-06-18 23:54:49'),
  (627, 89, 34, 4.000, 'g', 4, '日局マオウ    4.0g', '2026-06-18 23:54:49', '2026-06-18 23:54:49'),
  (628, 89, 1, 3.000, 'g', 5, '日局ケイヒ  3.0g', '2026-06-18 23:54:49', '2026-06-18 23:54:49'),
  (629, 89, 23, 3.000, 'g', 6, '日局シャクヤク  3.0g', '2026-06-18 23:54:49', '2026-06-18 23:54:49'),
  (630, 89, 5, 2.000, 'g', 7, '日局カンゾウ  2.0g', '2026-06-18 23:54:49', '2026-06-18 23:54:49'),
  (631, 90, 33, 10.000, 'g', 1, '日局セッコウ  10.0g', '2026-06-18 23:55:15', '2026-06-18 23:55:15'),
  (632, 90, 95, 4.000, 'g', 2, '日局ボウイ  4.0g', '2026-06-18 23:55:15', '2026-06-18 23:55:15'),
  (633, 90, 1, 3.000, 'g', 3, '日局ケイヒ  3.0g', '2026-06-18 23:55:15', '2026-06-18 23:55:15'),
  (634, 90, 25, 3.000, 'g', 4, '日局ニンジン  3.0g', '2026-06-18 23:55:15', '2026-06-18 23:55:15'),
  (635, 91, 77, 5.000, 'g', 1, '日局マシニン  5.0g', '2026-06-18 23:55:39', '2026-06-18 23:55:39'),
  (636, 91, 19, 4.000, 'g', 2, '日局ダイオウ  4.0g', '2026-06-18 23:55:39', '2026-06-18 23:55:39'),
  (637, 91, 49, 2.000, 'g', 3, '日局キジツ    2.0g', '2026-06-18 23:55:39', '2026-06-18 23:55:39'),
  (638, 91, 66, 2.000, 'g', 4, '日局キョウニン  2.0g', '2026-06-18 23:55:39', '2026-06-18 23:55:39'),
  (639, 91, 8, 2.000, 'g', 5, '日局コウボク  2.0g', '2026-06-18 23:55:39', '2026-06-18 23:55:39'),
  (640, 91, 23, 2.000, 'g', 6, '日局シャクヤク  2.0g', '2026-06-18 23:55:39', '2026-06-18 23:55:39'),
  (641, 92, 57, 10.000, 'g', 1, '日局ヨクイニン      10.0g', '2026-06-18 23:56:04', '2026-06-18 23:56:04'),
  (642, 92, 34, 4.000, 'g', 2, '日局マオウ      4.0g', '2026-06-18 23:56:04', '2026-06-18 23:56:04'),
  (643, 92, 66, 3.000, 'g', 3, '日局キョウニン  3.0g', '2026-06-18 23:56:04', '2026-06-18 23:56:04'),
  (644, 92, 5, 2.000, 'g', 4, '日局カンゾウ  2.0g', '2026-06-18 23:56:04', '2026-06-18 23:56:04'),
  (645, 93, 33, 10.000, 'g', 1, '日局セッコウ  10.0g', '2026-06-18 23:56:30', '2026-06-18 23:56:30'),
  (646, 93, 66, 4.000, 'g', 2, '日局キョウニン  4.0g', '2026-06-18 23:56:30', '2026-06-18 23:56:30'),
  (647, 93, 34, 4.000, 'g', 3, '日局マオウ  4.0g', '2026-06-18 23:56:30', '2026-06-18 23:56:30'),
  (648, 93, 5, 2.000, 'g', 4, '日局カンゾウ  2.0g', '2026-06-18 23:56:30', '2026-06-18 23:56:30'),
  (649, 94, 34, 4.000, 'g', 1, '日局マオウ      4.0g', '2026-06-18 23:57:09', '2026-06-18 23:57:09'),
  (650, 94, 75, 3.000, 'g', 2, '日局サイシン  3.0g', '2026-06-18 23:57:09', '2026-06-18 23:57:09'),
  (651, 94, 54, 1.000, 'g', 3, '日局ブシ末      1.0g', '2026-06-18 23:57:09', '2026-06-18 23:57:09'),
  (652, 95, 66, 5.000, 'g', 1, '日局キョウニン  5.0g', '2026-06-18 23:57:23', '2026-06-18 23:57:23'),
  (653, 95, 34, 5.000, 'g', 2, '日局マオウ  5.0g', '2026-06-18 23:57:23', '2026-06-18 23:57:23'),
  (654, 95, 1, 4.000, 'g', 3, '日局ケイヒ  4.0g', '2026-06-18 23:57:23', '2026-06-18 23:57:23'),
  (655, 95, 5, 1.500, 'g', 4, '日局カンゾウ  1.5g', '2026-06-18 23:57:23', '2026-06-18 23:57:23'),
  (656, 96, 81, 3.000, 'g', 1, '日局カッセキ  3.0g', '2026-06-18 23:57:39', '2026-06-18 23:57:39'),
  (657, 96, 30, 2.000, 'g', 2, '日局オウゴン  2.0g', '2026-06-18 23:57:39', '2026-06-18 23:57:39'),
  (658, 96, 5, 2.000, 'g', 3, '日局カンゾウ  2.0g', '2026-06-18 23:57:39', '2026-06-18 23:57:39'),
  (659, 96, 47, 2.000, 'g', 4, '日局キキョウ  2.0g', '2026-06-18 23:57:39', '2026-06-18 23:57:39'),
  (660, 96, 33, 2.000, 'g', 5, '日局セッコウ  2.0g', '2026-06-18 23:57:39', '2026-06-18 23:57:39'),
  (661, 96, 13, 2.000, 'g', 6, '日局ビャクジュツ    2.0g', '2026-06-18 23:57:39', '2026-06-18 23:57:39'),
  (662, 96, 19, 1.500, 'g', 7, '日局ダイオウ  1.5g', '2026-06-18 23:57:39', '2026-06-18 23:57:39'),
  (663, 96, 50, 1.200, 'g', 8, '日局ケイガイ  1.2g', '2026-06-18 23:57:39', '2026-06-18 23:57:39'),
  (664, 96, 18, 1.200, 'g', 9, '日局サンシシ  1.2g', '2026-06-18 23:57:39', '2026-06-18 23:57:39'),
  (665, 96, 23, 1.200, 'g', 10, '日局シャクヤク  1.2g', '2026-06-18 23:57:39', '2026-06-18 23:57:39'),
  (666, 96, 24, 1.200, 'g', 11, '日局センキュウ  1.2g', '2026-06-18 23:57:39', '2026-06-18 23:57:39'),
  (667, 96, 22, 1.200, 'g', 12, '日局トウキ  1.2g', '2026-06-18 23:57:39', '2026-06-18 23:57:39'),
  (668, 96, 44, 1.200, 'g', 13, '日局ハッカ  1.2g', '2026-06-18 23:57:39', '2026-06-18 23:57:39'),
  (669, 96, 52, 1.200, 'g', 14, '日局ボウフウ  1.2g', '2026-06-18 23:57:39', '2026-06-18 23:57:39'),
  (670, 96, 34, 1.200, 'g', 15, '日局マオウ  1.2g', '2026-06-18 23:57:39', '2026-06-18 23:57:39'),
  (671, 96, 53, 1.200, 'g', 16, '日局レンギョウ  1.2g', '2026-06-18 23:57:39', '2026-06-18 23:57:39'),
  (672, 96, 96, 0.700, 'g', 17, '日局無水ボウショウ   0.7g', '2026-06-18 23:57:39', '2026-06-18 23:57:39'),
  (673, 96, 15, 0.300, 'g', 18, '日局ショウキョウ    0.3g', '2026-06-18 23:57:39', '2026-06-18 23:57:39'),
  (674, 97, 35, 5.000, 'g', 1, '日局オウギ    5.0g', '2026-06-18 23:57:53', '2026-06-18 23:57:53'),
  (675, 97, 95, 5.000, 'g', 2, '日局ボウイ    5.0g', '2026-06-18 23:57:53', '2026-06-18 23:57:53'),
  (676, 97, 9, 3.000, 'g', 3, '日局ソウジュツ  3.0g', '2026-06-18 23:57:53', '2026-06-18 23:57:53'),
  (677, 97, 16, 3.000, 'g', 4, '日局タイソウ  3.0g', '2026-06-18 23:57:53', '2026-06-18 23:57:53'),
  (678, 97, 5, 1.500, 'g', 5, '日局カンゾウ  1.5g', '2026-06-18 23:57:53', '2026-06-18 23:57:53'),
  (679, 97, 15, 1.000, 'g', 6, '日局ショウキョウ      1.0g', '2026-06-18 23:57:53', '2026-06-18 23:57:53'),
  (680, 98, 35, 4.000, 'g', 1, '日局オウギ  4.0g', '2026-06-18 23:58:07', '2026-06-18 23:58:07'),
  (681, 98, 9, 4.000, 'g', 2, '日局ソウジュツ  4.0g', '2026-06-18 23:58:07', '2026-06-18 23:58:07'),
  (682, 98, 25, 4.000, 'g', 3, '日局ニンジン    4.0g', '2026-06-18 23:58:07', '2026-06-18 23:58:07'),
  (683, 98, 22, 3.000, 'g', 4, '日局トウキ    3.0g', '2026-06-18 23:58:07', '2026-06-18 23:58:07'),
  (684, 98, 36, 2.000, 'g', 5, '日局サイコ  2.0g', '2026-06-18 23:58:07', '2026-06-18 23:58:07'),
  (685, 98, 16, 2.000, 'g', 6, '日局タイソウ  2.0g', '2026-06-18 23:58:07', '2026-06-18 23:58:07'),
  (686, 98, 12, 2.000, 'g', 7, '日局チンピ  2.0g', '2026-06-18 23:58:07', '2026-06-18 23:58:07'),
  (687, 98, 5, 1.500, 'g', 8, '日局カンゾウ  1.5g', '2026-06-18 23:58:07', '2026-06-18 23:58:07'),
  (688, 98, 37, 1.000, 'g', 9, '日局ショウマ  1.0g', '2026-06-18 23:58:07', '2026-06-18 23:58:07'),
  (689, 98, 15, 0.500, 'g', 10, '日局ショウキョウ    0.5g', '2026-06-18 23:58:07', '2026-06-18 23:58:07'),
  (690, 99, 9, 4.000, 'g', 1, '日局ソウジュツ  4.0g', '2026-06-18 23:58:19', '2026-06-18 23:58:19'),
  (691, 99, 8, 3.000, 'g', 2, '日局コウボク    3.0g', '2026-06-18 23:58:19', '2026-06-18 23:58:19'),
  (692, 99, 12, 3.000, 'g', 3, '日局チンピ    3.0g', '2026-06-18 23:58:19', '2026-06-18 23:58:19'),
  (693, 99, 16, 2.000, 'g', 4, '日局タイソウ  2.0g', '2026-06-18 23:58:19', '2026-06-18 23:58:19'),
  (694, 99, 5, 1.000, 'g', 5, '日局カンゾウ  1.0g', '2026-06-18 23:58:19', '2026-06-18 23:58:19'),
  (695, 99, 15, 0.500, 'g', 6, '日局ショウキョウ      0.5g', '2026-06-18 23:58:19', '2026-06-18 23:58:19'),
  (696, 100, 21, 6.000, 'g', 1, '日局ハンゲ  6.0g', '2026-06-18 23:58:36', '2026-06-18 23:58:36'),
  (697, 100, 14, 5.000, 'g', 2, '日局ブクリョウ  5.0g', '2026-06-18 23:58:36', '2026-06-18 23:58:36'),
  (698, 100, 9, 4.000, 'g', 3, '日局ソウジュツ  4.0g', '2026-06-18 23:58:36', '2026-06-18 23:58:36'),
  (699, 100, 8, 3.000, 'g', 4, '日局コウボク  3.0g', '2026-06-18 23:58:36', '2026-06-18 23:58:36'),
  (700, 100, 12, 3.000, 'g', 5, '日局チンピ  3.0g', '2026-06-18 23:58:36', '2026-06-18 23:58:36'),
  (701, 100, 25, 3.000, 'g', 6, '日局ニンジン  3.0g', '2026-06-18 23:58:36', '2026-06-18 23:58:36'),
  (702, 100, 65, 2.000, 'g', 7, '日局ソヨウ  2.0g', '2026-06-18 23:58:36', '2026-06-18 23:58:36'),
  (703, 100, 49, 1.500, 'g', 8, '日局キジツ  1.5g', '2026-06-18 23:58:36', '2026-06-18 23:58:36'),
  (704, 100, 15, 1.000, 'g', 9, '日局ショウキョウ    1.0g', '2026-06-18 23:58:36', '2026-06-18 23:58:36'),
  (705, 101, 14, 5.000, 'g', 1, '日局ブクリョウ  5.0g', '2026-06-18 23:58:50', '2026-06-18 23:58:50'),
  (706, 101, 9, 4.000, 'g', 2, '日局ソウジュツ  4.0g', '2026-06-18 23:58:50', '2026-06-18 23:58:50'),
  (707, 101, 12, 3.000, 'g', 3, '日局チンピ    3.0g', '2026-06-18 23:58:50', '2026-06-18 23:58:50'),
  (708, 101, 25, 3.000, 'g', 4, '日局ニンジン  3.0g', '2026-06-18 23:58:50', '2026-06-18 23:58:50'),
  (709, 101, 49, 1.500, 'g', 5, '日局キジツ  1.5g', '2026-06-18 23:58:50', '2026-06-18 23:58:50'),
  (710, 101, 15, 1.000, 'g', 6, '日局ショウキョウ      1.0g', '2026-06-18 23:58:50', '2026-06-18 23:58:50'),
  (711, 102, 33, 15.000, 'g', 1, '日局セッコウ  15.0g', '2026-06-18 23:59:11', '2026-06-18 23:59:11'),
  (712, 102, 97, 8.000, 'g', 2, '日局コウベイ  8.0g', '2026-06-18 23:59:11', '2026-06-18 23:59:11'),
  (713, 102, 71, 5.000, 'g', 3, '日局チモ    5.0g', '2026-06-18 23:59:11', '2026-06-18 23:59:11'),
  (714, 102, 5, 2.000, 'g', 4, '日局カンゾウ  2.0g', '2026-06-18 23:59:11', '2026-06-18 23:59:11'),
  (715, 102, 25, 1.500, 'g', 5, '日局ニンジン  1.5g', '2026-06-18 23:59:11', '2026-06-18 23:59:11'),
  (716, 103, 20, 10.000, 'g', 1, '日局バクモンドウ    10.0g', '2026-06-18 23:59:31', '2026-06-18 23:59:31'),
  (717, 103, 97, 5.000, 'g', 2, '日局コウベイ  5.0g', '2026-06-18 23:59:31', '2026-06-18 23:59:31'),
  (718, 103, 21, 5.000, 'g', 3, '日局ハンゲ    5.0g', '2026-06-18 23:59:31', '2026-06-18 23:59:31'),
  (719, 103, 16, 3.000, 'g', 4, '日局タイソウ  3.0g', '2026-06-18 23:59:31', '2026-06-18 23:59:31'),
  (720, 103, 5, 2.000, 'g', 5, '日局カンゾウ  2.0g', '2026-06-18 23:59:31', '2026-06-18 23:59:31'),
  (721, 103, 25, 2.000, 'g', 6, '日局ニンジン  2.0g', '2026-06-18 23:59:31', '2026-06-18 23:59:31'),
  (722, 104, 12, 3.000, 'g', 1, '日局チンピ  3.0g', '2026-06-18 23:59:55', '2026-06-18 23:59:55'),
  (723, 104, 21, 3.000, 'g', 2, '日局ハンゲ  3.0g', '2026-06-18 23:59:55', '2026-06-18 23:59:55'),
  (724, 104, 13, 3.000, 'g', 3, '日局ビャクジュツ    3.0g', '2026-06-18 23:59:55', '2026-06-18 23:59:55'),
  (725, 104, 14, 3.000, 'g', 4, '日局ブクリョウ    3.0g', '2026-06-18 23:59:55', '2026-06-18 23:59:55'),
  (726, 104, 98, 2.000, 'g', 5, '日局テンマ    2.0g', '2026-06-18 23:59:55', '2026-06-18 23:59:55'),
  (727, 104, 99, 2.000, 'g', 6, '日局バクガ    2.0g', '2026-06-18 23:59:55', '2026-06-18 23:59:55'),
  (728, 104, 35, 1.500, 'g', 7, '日局オウギ  1.5g', '2026-06-18 23:59:55', '2026-06-18 23:59:55'),
  (729, 104, 10, 1.500, 'g', 8, '日局タクシャ  1.5g', '2026-06-18 23:59:55', '2026-06-18 23:59:55'),
  (730, 104, 25, 1.500, 'g', 9, '日局ニンジン  1.5g', '2026-06-18 23:59:55', '2026-06-18 23:59:55'),
  (731, 104, 31, 1.000, 'g', 10, '日局オウバク  1.0g', '2026-06-18 23:59:55', '2026-06-18 23:59:55'),
  (732, 104, 38, 1.000, 'g', 11, '日局カンキョウ  1.0g', '2026-06-18 23:59:55', '2026-06-18 23:59:55'),
  (733, 104, 15, 0.500, 'g', 12, '日局ショウキョウ    0.5g', '2026-06-18 23:59:55', '2026-06-18 23:59:55'),
  (734, 105, 21, 5.000, 'g', 1, '日局ハンゲ  5.0g', '2026-06-19 00:00:15', '2026-06-19 00:00:15'),
  (735, 105, 30, 2.500, 'g', 2, '日局オウゴン    2.5g', '2026-06-19 00:00:15', '2026-06-19 00:00:15'),
  (736, 105, 38, 2.500, 'g', 3, '日局カンキョウ  2.5g', '2026-06-19 00:00:15', '2026-06-19 00:00:15'),
  (737, 105, 5, 2.500, 'g', 4, '日局カンゾウ    2.5g', '2026-06-19 00:00:15', '2026-06-19 00:00:15'),
  (738, 105, 16, 2.500, 'g', 5, '日局タイソウ  2.5g', '2026-06-19 00:00:15', '2026-06-19 00:00:15'),
  (739, 105, 25, 2.500, 'g', 6, '日局ニンジン  2.5g', '2026-06-19 00:00:15', '2026-06-19 00:00:15'),
  (740, 105, 32, 1.000, 'g', 7, '日局オウレン  1.0g', '2026-06-19 00:00:15', '2026-06-19 00:00:15'),
  (741, 106, 21, 6.000, 'g', 1, '日局ハンゲ      6.0g', '2026-06-19 00:00:28', '2026-06-19 00:00:28'),
  (742, 106, 14, 5.000, 'g', 2, '日局ブクリョウ      5.0g', '2026-06-19 00:00:28', '2026-06-19 00:00:28'),
  (743, 106, 8, 3.000, 'g', 3, '日局コウボク  3.0g', '2026-06-19 00:00:28', '2026-06-19 00:00:28'),
  (744, 106, 65, 2.000, 'g', 4, '日局ソヨウ      2.0g', '2026-06-19 00:00:28', '2026-06-19 00:00:28'),
  (745, 106, 15, 1.000, 'g', 5, '日局ショウキョウ      1.0g', '2026-06-19 00:00:28', '2026-06-19 00:00:28'),
  (746, 107, 29, 6.000, 'g', 1, '日局ジオウ  6.0g', '2026-06-19 00:00:44', '2026-06-19 00:00:44'),
  (747, 107, 62, 3.000, 'g', 2, '日局サンシュユ  3.0g', '2026-06-19 00:00:44', '2026-06-19 00:00:44'),
  (748, 107, 58, 3.000, 'g', 3, '日局サンヤク    3.0g', '2026-06-19 00:00:44', '2026-06-19 00:00:44'),
  (749, 107, 10, 3.000, 'g', 4, '日局タクシャ    3.0g', '2026-06-19 00:00:44', '2026-06-19 00:00:44'),
  (750, 107, 14, 3.000, 'g', 5, '日局ブクリョウ  3.0g', '2026-06-19 00:00:44', '2026-06-19 00:00:44'),
  (751, 107, 26, 2.500, 'g', 6, '日局ボタンピ  2.5g', '2026-06-19 00:00:44', '2026-06-19 00:00:44'),
  (752, 107, 1, 1.000, 'g', 7, '日局ケイヒ  1.0g', '2026-06-19 00:00:44', '2026-06-19 00:00:44'),
  (753, 107, 54, 0.500, 'g', 8, '日局ブシ末  0.5g', '2026-06-19 00:00:44', '2026-06-19 00:00:44'),
  (754, 108, 47, 4.000, 'g', 1, '日局キキョウ  4.0g', '2026-06-19 00:01:10', '2026-06-19 00:01:10'),
  (755, 108, 5, 3.000, 'g', 2, '日局カンゾウ  3.0g', '2026-06-19 00:01:10', '2026-06-19 00:01:10'),
  (756, 108, 49, 3.000, 'g', 3, '日局キジツ    3.0g', '2026-06-19 00:01:10', '2026-06-19 00:01:10'),
  (757, 108, 23, 3.000, 'g', 4, '日局シャクヤク  3.0g', '2026-06-19 00:01:10', '2026-06-19 00:01:10'),
  (758, 108, 16, 3.000, 'g', 5, '日局タイソウ  3.0g', '2026-06-19 00:01:10', '2026-06-19 00:01:10'),
  (759, 108, 15, 1.000, 'g', 6, '日局ショウキョウ      1.0g', '2026-06-19 00:01:10', '2026-06-19 00:01:10'),
  (760, 109, 29, 4.000, 'g', 1, '日局ジオウ  4.0g', '2026-06-19 00:01:31', '2026-06-19 00:01:31'),
  (761, 109, 22, 4.000, 'g', 2, '日局トウキ  4.0g', '2026-06-19 00:01:31', '2026-06-19 00:01:31'),
  (762, 109, 13, 4.000, 'g', 3, '日局ビャクジュツ    4.0g', '2026-06-19 00:01:31', '2026-06-19 00:01:31'),
  (763, 109, 14, 4.000, 'g', 4, '日局ブクリョウ    4.0g', '2026-06-19 00:01:31', '2026-06-19 00:01:31'),
  (764, 109, 25, 3.000, 'g', 5, '日局ニンジン    3.0g', '2026-06-19 00:01:31', '2026-06-19 00:01:31'),
  (765, 109, 1, 2.500, 'g', 6, '日局ケイヒ    2.5g', '2026-06-19 00:01:31', '2026-06-19 00:01:31'),
  (766, 109, 42, 2.000, 'g', 7, '日局オンジ  2.0g', '2026-06-19 00:01:31', '2026-06-19 00:01:31'),
  (767, 109, 23, 2.000, 'g', 8, '日局シャクヤク  2.0g', '2026-06-19 00:01:31', '2026-06-19 00:01:31'),
  (768, 109, 12, 2.000, 'g', 9, '日局チンピ  2.0g', '2026-06-19 00:01:31', '2026-06-19 00:01:31'),
  (769, 109, 35, 1.500, 'g', 10, '日局オウギ  1.5g', '2026-06-19 00:01:31', '2026-06-19 00:01:31'),
  (770, 109, 5, 1.000, 'g', 11, '日局カンゾウ  1.0g', '2026-06-19 00:01:31', '2026-06-19 00:01:31'),
  (771, 109, 74, 1.000, 'g', 12, '日局ゴミシ  1.0g', '2026-06-19 00:01:31', '2026-06-19 00:01:31'),
  (772, 110, 38, 3.000, 'g', 1, '日局カンキョウ  3.0g', '2026-06-19 00:01:48', '2026-06-19 00:01:48'),
  (773, 110, 5, 3.000, 'g', 2, '日局カンゾウ  3.0g', '2026-06-19 00:01:48', '2026-06-19 00:01:48'),
  (774, 110, 9, 3.000, 'g', 3, '日局ソウジュツ  3.0g', '2026-06-19 00:01:48', '2026-06-19 00:01:48'),
  (775, 110, 25, 3.000, 'g', 4, '日局ニンジン  3.0g', '2026-06-19 00:01:48', '2026-06-19 00:01:48'),
  (776, 111, 64, 3.000, 'g', 1, '日局コウブシ  3.0g', '2026-06-19 00:02:08', '2026-06-19 00:02:08'),
  (777, 111, 24, 3.000, 'g', 2, '日局センキュウ  3.0g', '2026-06-19 00:02:08', '2026-06-19 00:02:08'),
  (778, 111, 9, 3.000, 'g', 3, '日局ソウジュツ  3.0g', '2026-06-19 00:02:08', '2026-06-19 00:02:08'),
  (779, 111, 22, 3.000, 'g', 4, '日局トウキ    3.0g', '2026-06-19 00:02:08', '2026-06-19 00:02:08'),
  (780, 111, 30, 2.000, 'g', 5, '日局オウゴン    2.0g', '2026-06-19 00:02:08', '2026-06-19 00:02:08'),
  (781, 111, 1, 2.000, 'g', 6, '日局ケイヒ    2.0g', '2026-06-19 00:02:08', '2026-06-19 00:02:08'),
  (782, 111, 25, 2.000, 'g', 7, '日局ニンジン  2.0g', '2026-06-19 00:02:08', '2026-06-19 00:02:08'),
  (783, 111, 100, 2.000, 'g', 8, '日局ビンロウジ  2.0g', '2026-06-19 00:02:08', '2026-06-19 00:02:08'),
  (784, 111, 32, 1.000, 'g', 9, '日局オウレン  1.0g', '2026-06-19 00:02:08', '2026-06-19 00:02:08'),
  (785, 111, 5, 1.000, 'g', 10, '日局カンゾウ  1.0g', '2026-06-19 00:02:08', '2026-06-19 00:02:08'),
  (786, 111, 101, 1.000, 'g', 11, '日局チョウジ  1.0g', '2026-06-19 00:02:08', '2026-06-19 00:02:08'),
  (787, 111, 43, 1.000, 'g', 12, '日局モッコウ  1.0g', '2026-06-19 00:02:08', '2026-06-19 00:02:08'),
  (788, 112, 21, 5.000, 'g', 1, '日局ハンゲ      5.0g', '2026-06-19 00:02:32', '2026-06-19 00:02:32'),
  (789, 112, 14, 5.000, 'g', 2, '日局ブクリョウ      5.0g', '2026-06-19 00:02:32', '2026-06-19 00:02:32'),
  (790, 112, 12, 4.000, 'g', 3, '日局チンピ  4.0g', '2026-06-19 00:02:32', '2026-06-19 00:02:32'),
  (791, 112, 5, 1.000, 'g', 4, '日局カンゾウ      1.0g', '2026-06-19 00:02:32', '2026-06-19 00:02:32'),
  (792, 112, 15, 1.000, 'g', 5, '日局ショウキョウ      1.0g', '2026-06-19 00:02:32', '2026-06-19 00:02:32'),
  (793, 113, 21, 4.000, 'g', 1, '日局ハンゲ    4.0g', '2026-06-19 00:02:58', '2026-06-19 00:02:58'),
  (794, 113, 9, 3.000, 'g', 2, '日局ソウジュツ  3.0g', '2026-06-19 00:02:58', '2026-06-19 00:02:58'),
  (795, 113, 102, 2.500, 'g', 3, '日局イレイセン  2.5g', '2026-06-19 00:02:58', '2026-06-19 00:02:58'),
  (796, 113, 30, 2.500, 'g', 4, '日局オウゴン  2.5g', '2026-06-19 00:02:58', '2026-06-19 00:02:58'),
  (797, 113, 64, 2.500, 'g', 5, '日局コウブシ  2.5g', '2026-06-19 00:02:58', '2026-06-19 00:02:58'),
  (798, 113, 12, 2.500, 'g', 6, '日局チンピ    2.5g', '2026-06-19 00:02:58', '2026-06-19 00:02:58'),
  (799, 113, 13, 2.500, 'g', 7, '日局ビャクジュツ    2.5g', '2026-06-19 00:02:58', '2026-06-19 00:02:58'),
  (800, 113, 14, 2.500, 'g', 8, '日局ブクリョウ  2.5g', '2026-06-19 00:02:58', '2026-06-19 00:02:58'),
  (801, 113, 5, 1.000, 'g', 9, '日局カンゾウ    1.0g', '2026-06-19 00:02:58', '2026-06-19 00:02:58'),
  (802, 113, 15, 1.000, 'g', 10, '日局ショウキョウ    1.0g', '2026-06-19 00:02:58', '2026-06-19 00:02:58'),
  (803, 113, 103, 2.500, 'g', 11, 'テンナンショウ   2.5g', '2026-06-19 00:02:58', '2026-06-19 00:02:58'),
  (804, 113, 104, 2.500, 'g', 12, 'ワキョウカツ      2.5g', '2026-06-19 00:02:58', '2026-06-19 00:02:58'),
  (805, 114, 22, 5.000, 'g', 1, '日局トウキ  5.0g', '2026-06-19 00:03:21', '2026-06-19 00:03:21'),
  (806, 114, 21, 5.000, 'g', 2, '日局ハンゲ    5.0g', '2026-06-19 00:03:21', '2026-06-19 00:03:21'),
  (807, 114, 1, 3.000, 'g', 3, '日局ケイヒ    3.0g', '2026-06-19 00:03:21', '2026-06-19 00:03:21'),
  (808, 114, 8, 3.000, 'g', 4, '日局コウボク    3.0g', '2026-06-19 00:03:21', '2026-06-19 00:03:21'),
  (809, 114, 23, 3.000, 'g', 5, '日局シャクヤク  3.0g', '2026-06-19 00:03:21', '2026-06-19 00:03:21'),
  (810, 114, 25, 3.000, 'g', 6, '日局ニンジン  3.0g', '2026-06-19 00:03:21', '2026-06-19 00:03:21'),
  (811, 114, 35, 1.500, 'g', 7, '日局オウギ  1.5g', '2026-06-19 00:03:21', '2026-06-19 00:03:21'),
  (812, 114, 38, 1.500, 'g', 8, '日局カンキョウ  1.5g', '2026-06-19 00:03:21', '2026-06-19 00:03:21'),
  (813, 114, 105, 1.500, 'g', 9, '日局サンショウ  1.5g', '2026-06-19 00:03:21', '2026-06-19 00:03:21'),
  (814, 114, 5, 1.000, 'g', 10, '日局カンゾウ  1.0g', '2026-06-19 00:03:21', '2026-06-19 00:03:21'),
  (815, 115, 23, 4.000, 'g', 1, '日局シャクヤク  4.0g', '2026-06-19 00:03:47', '2026-06-19 00:03:47'),
  (816, 115, 9, 4.000, 'g', 2, '日局ソウジュツ  4.0g', '2026-06-19 00:03:47', '2026-06-19 00:03:47'),
  (817, 115, 10, 4.000, 'g', 3, '日局タクシャ    4.0g', '2026-06-19 00:03:47', '2026-06-19 00:03:47'),
  (818, 115, 14, 4.000, 'g', 4, '日局ブクリョウ  4.0g', '2026-06-19 00:03:47', '2026-06-19 00:03:47'),
  (819, 115, 24, 3.000, 'g', 5, '日局センキュウ  3.0g', '2026-06-19 00:03:47', '2026-06-19 00:03:47'),
  (820, 115, 22, 3.000, 'g', 6, '日局トウキ  3.0g', '2026-06-19 00:03:47', '2026-06-19 00:03:47'),
  (821, 116, 16, 5.000, 'g', 1, '日局タイソウ  5.0g', '2026-06-19 00:04:04', '2026-06-19 00:04:04'),
  (822, 116, 1, 3.000, 'g', 2, '日局ケイヒ    3.0g', '2026-06-19 00:04:04', '2026-06-19 00:04:04'),
  (823, 116, 23, 3.000, 'g', 3, '日局シャクヤク  3.0g', '2026-06-19 00:04:04', '2026-06-19 00:04:04'),
  (824, 116, 22, 3.000, 'g', 4, '日局トウキ  3.0g', '2026-06-19 00:04:04', '2026-06-19 00:04:04'),
  (825, 116, 69, 3.000, 'g', 5, '日局モクツウ  3.0g', '2026-06-19 00:04:04', '2026-06-19 00:04:04'),
  (826, 116, 5, 2.000, 'g', 6, '日局カンゾウ  2.0g', '2026-06-19 00:04:04', '2026-06-19 00:04:04'),
  (827, 116, 27, 2.000, 'g', 7, '日局ゴシュユ  2.0g', '2026-06-19 00:04:04', '2026-06-19 00:04:04'),
  (828, 116, 75, 2.000, 'g', 8, '日局サイシン  2.0g', '2026-06-19 00:04:04', '2026-06-19 00:04:04'),
  (829, 116, 15, 1.000, 'g', 9, '日局ショウキョウ    1.0g', '2026-06-19 00:04:04', '2026-06-19 00:04:04'),
  (830, 117, 23, 5.000, 'g', 1, '日局シャクヤク  5.0g', '2026-06-19 00:04:22', '2026-06-19 00:04:22'),
  (831, 117, 1, 4.000, 'g', 2, '日局ケイヒ  4.0g', '2026-06-19 00:04:22', '2026-06-19 00:04:22'),
  (832, 117, 16, 4.000, 'g', 3, '日局タイソウ  4.0g', '2026-06-19 00:04:22', '2026-06-19 00:04:22'),
  (833, 117, 22, 4.000, 'g', 4, '日局トウキ  4.0g', '2026-06-19 00:04:22', '2026-06-19 00:04:22'),
  (834, 117, 5, 2.000, 'g', 5, '日局カンゾウ  2.0g', '2026-06-19 00:04:22', '2026-06-19 00:04:22'),
  (835, 117, 15, 1.000, 'g', 6, '日局ショウキョウ    1.0g', '2026-06-19 00:04:22', '2026-06-19 00:04:22'),
  (836, 118, 22, 5.000, 'g', 1, '日局トウキ  5.0g', '2026-06-19 00:04:39', '2026-06-19 00:04:39'),
  (837, 118, 29, 4.000, 'g', 2, '日局ジオウ    4.0g', '2026-06-19 00:04:39', '2026-06-19 00:04:39'),
  (838, 118, 106, 3.000, 'g', 3, '日局シツリシ    3.0g', '2026-06-19 00:04:39', '2026-06-19 00:04:39'),
  (839, 118, 23, 3.000, 'g', 4, '日局シャクヤク  3.0g', '2026-06-19 00:04:39', '2026-06-19 00:04:39'),
  (840, 118, 24, 3.000, 'g', 5, '日局センキュウ  3.0g', '2026-06-19 00:04:39', '2026-06-19 00:04:39'),
  (841, 118, 52, 3.000, 'g', 6, '日局ボウフウ  3.0g', '2026-06-19 00:04:39', '2026-06-19 00:04:39'),
  (842, 118, 107, 2.000, 'g', 7, '日局カシュウ  2.0g', '2026-06-19 00:04:39', '2026-06-19 00:04:39'),
  (843, 118, 35, 1.500, 'g', 8, '日局オウギ  1.5g', '2026-06-19 00:04:39', '2026-06-19 00:04:39'),
  (844, 118, 50, 1.500, 'g', 9, '日局ケイガイ  1.5g', '2026-06-19 00:04:39', '2026-06-19 00:04:39'),
  (845, 118, 5, 1.000, 'g', 10, '日局カンゾウ  1.0g', '2026-06-19 00:04:39', '2026-06-19 00:04:39'),
  (846, 119, 56, 5.000, 'g', 1, '日局トウニン      5.0g', '2026-06-19 00:05:06', '2026-06-19 00:05:06'),
  (847, 119, 1, 4.000, 'g', 2, '日局ケイヒ      4.0g', '2026-06-19 00:05:06', '2026-06-19 00:05:06'),
  (848, 119, 19, 3.000, 'g', 3, '日局ダイオウ  3.0g', '2026-06-19 00:05:06', '2026-06-19 00:05:06'),
  (849, 119, 5, 1.500, 'g', 4, '日局カンゾウ      1.5g', '2026-06-19 00:05:06', '2026-06-19 00:05:06'),
  (850, 119, 96, 0.900, 'g', 5, '日局無水ボウショウ   0.9g', '2026-06-19 00:05:06', '2026-06-19 00:05:06'),
  (851, 120, 49, 3.000, 'g', 1, '日局キジツ    3.0g', '2026-06-19 00:05:28', '2026-06-19 00:05:28'),
  (852, 120, 19, 3.000, 'g', 2, '日局ダイオウ  3.0g', '2026-06-19 00:05:28', '2026-06-19 00:05:28'),
  (853, 120, 22, 3.000, 'g', 3, '日局トウキ    3.0g', '2026-06-19 00:05:28', '2026-06-19 00:05:28'),
  (854, 120, 5, 2.000, 'g', 4, '日局カンゾウ  2.0g', '2026-06-19 00:05:28', '2026-06-19 00:05:28'),
  (855, 120, 108, 2.000, 'g', 5, '日局コウカ    2.0g', '2026-06-19 00:05:28', '2026-06-19 00:05:28'),
  (856, 120, 8, 2.000, 'g', 6, '日局コウボク  2.0g', '2026-06-19 00:05:28', '2026-06-19 00:05:28'),
  (857, 120, 109, 2.000, 'g', 7, '日局ソボク  2.0g', '2026-06-19 00:05:28', '2026-06-19 00:05:28'),
  (858, 120, 12, 2.000, 'g', 8, '日局チンピ  2.0g', '2026-06-19 00:05:28', '2026-06-19 00:05:28'),
  (859, 120, 69, 2.000, 'g', 9, '日局モクツウ  2.0g', '2026-06-19 00:05:28', '2026-06-19 00:05:28'),
  (860, 120, 96, 1.800, 'g', 10, '日局無水ボウショウ   1.8g', '2026-06-19 00:05:28', '2026-06-19 00:05:28'),
  (861, 121, 24, 3.000, 'g', 1, '日局センキュウ  3.0g', '2026-06-19 00:05:49', '2026-06-19 00:05:49'),
  (862, 121, 9, 3.000, 'g', 2, '日局ソウジュツ  3.0g', '2026-06-19 00:05:49', '2026-06-19 00:05:49'),
  (863, 121, 53, 3.000, 'g', 3, '日局レンギョウ  3.0g', '2026-06-19 00:05:49', '2026-06-19 00:05:49'),
  (864, 121, 110, 2.000, 'g', 4, '日局ニンドウ    2.0g', '2026-06-19 00:05:49', '2026-06-19 00:05:49'),
  (865, 121, 52, 2.000, 'g', 5, '日局ボウフウ    2.0g', '2026-06-19 00:05:49', '2026-06-19 00:05:49'),
  (866, 121, 5, 1.000, 'g', 6, '日局カンゾウ  1.0g', '2026-06-19 00:05:49', '2026-06-19 00:05:49'),
  (867, 121, 50, 1.000, 'g', 7, '日局ケイガイ  1.0g', '2026-06-19 00:05:49', '2026-06-19 00:05:49'),
  (868, 121, 108, 1.000, 'g', 8, '日局コウカ  1.0g', '2026-06-19 00:05:49', '2026-06-19 00:05:49'),
  (869, 121, 19, 0.500, 'g', 9, '日局ダイオウ  0.5g', '2026-06-19 00:05:49', '2026-06-19 00:05:49'),
  (870, 122, 1, 3.000, 'g', 1, '日局ケイヒ  3.0g', '2026-06-19 00:06:13', '2026-06-19 00:06:13'),
  (871, 122, 24, 3.000, 'g', 2, '日局センキュウ  3.0g', '2026-06-19 00:06:13', '2026-06-19 00:06:13'),
  (872, 122, 111, 3.000, 'g', 3, '日局センコツ    3.0g', '2026-06-19 00:06:13', '2026-06-19 00:06:13'),
  (873, 122, 90, 3.000, 'g', 4, '日局ボクソク    3.0g', '2026-06-19 00:06:13', '2026-06-19 00:06:13'),
  (874, 122, 5, 1.500, 'g', 5, '日局カンゾウ  1.5g', '2026-06-19 00:06:13', '2026-06-19 00:06:13'),
  (875, 122, 19, 1.000, 'g', 6, '日局ダイオウ  1.0g', '2026-06-19 00:06:13', '2026-06-19 00:06:13'),
  (876, 122, 101, 1.000, 'g', 7, '日局チョウジ  1.0g', '2026-06-19 00:06:13', '2026-06-19 00:06:13'),
  (877, 123, 81, 3.000, 'g', 1, '日局カッセキ  3.0g', '2026-06-19 00:06:29', '2026-06-19 00:06:29'),
  (878, 123, 29, 3.000, 'g', 2, '日局ジオウ  3.0g', '2026-06-19 00:06:29', '2026-06-19 00:06:29'),
  (879, 123, 23, 3.000, 'g', 3, '日局シャクヤク  3.0g', '2026-06-19 00:06:29', '2026-06-19 00:06:29'),
  (880, 123, 24, 3.000, 'g', 4, '日局センキュウ      3.0g', '2026-06-19 00:06:29', '2026-06-19 00:06:29'),
  (881, 123, 10, 3.000, 'g', 5, '日局タクシャ  3.0g', '2026-06-19 00:06:29', '2026-06-19 00:06:29'),
  (882, 123, 11, 3.000, 'g', 6, '日局チョレイ  3.0g', '2026-06-19 00:06:29', '2026-06-19 00:06:29'),
  (883, 123, 22, 3.000, 'g', 7, '日局トウキ  3.0g', '2026-06-19 00:06:29', '2026-06-19 00:06:29'),
  (884, 123, 14, 3.000, 'g', 8, '日局ブクリョウ  3.0g', '2026-06-19 00:06:29', '2026-06-19 00:06:29'),
  (885, 123, 28, 3.000, 'g', 9, 'アキョウ  3.0g', '2026-06-19 00:06:29', '2026-06-19 00:06:29'),
  (886, 124, 81, 3.000, 'g', 1, '日局カッセキ      3.0g', '2026-06-19 00:06:46', '2026-06-19 00:06:46'),
  (887, 124, 10, 3.000, 'g', 2, '日局タクシャ      3.0g', '2026-06-19 00:06:46', '2026-06-19 00:06:46'),
  (888, 124, 11, 3.000, 'g', 3, '日局チョレイ  3.0g', '2026-06-19 00:06:46', '2026-06-19 00:06:46'),
  (889, 124, 14, 3.000, 'g', 4, '日局ブクリョウ  3.0g', '2026-06-19 00:06:46', '2026-06-19 00:06:46'),
  (890, 124, 28, 3.000, 'g', 5, 'アキョウ  3.0g', '2026-06-19 00:06:46', '2026-06-19 00:06:46'),
  (891, 125, 33, 5.000, 'g', 1, '日局セッコウ      5.0g', '2026-06-19 00:07:09', '2026-06-19 00:07:09'),
  (892, 125, 78, 3.000, 'g', 2, '日局チョウトウコウ   3.0g', '2026-06-19 00:07:09', '2026-06-19 00:07:09'),
  (893, 125, 12, 3.000, 'g', 3, '日局チンピ    3.0g', '2026-06-19 00:07:09', '2026-06-19 00:07:09'),
  (894, 125, 20, 3.000, 'g', 4, '日局バクモンドウ    3.0g', '2026-06-19 00:07:09', '2026-06-19 00:07:09'),
  (895, 125, 21, 3.000, 'g', 5, '日局ハンゲ    3.0g', '2026-06-19 00:07:09', '2026-06-19 00:07:09'),
  (896, 125, 14, 3.000, 'g', 6, '日局ブクリョウ    3.0g', '2026-06-19 00:07:09', '2026-06-19 00:07:09'),
  (897, 125, 112, 2.000, 'g', 7, '日局キクカ  2.0g', '2026-06-19 00:07:09', '2026-06-19 00:07:09'),
  (898, 125, 25, 2.000, 'g', 8, '日局ニンジン  2.0g', '2026-06-19 00:07:09', '2026-06-19 00:07:09'),
  (899, 125, 52, 2.000, 'g', 9, '日局ボウフウ  2.0g', '2026-06-19 00:07:09', '2026-06-19 00:07:09'),
  (900, 125, 5, 1.000, 'g', 10, '日局カンゾウ  1.0g', '2026-06-19 00:07:09', '2026-06-19 00:07:09'),
  (901, 125, 15, 1.000, 'g', 11, '日局ショウキョウ    1.0g', '2026-06-19 00:07:09', '2026-06-19 00:07:09'),
  (902, 126, 19, 2.000, 'g', 1, '日局ダイオウ      2.0g', '2026-06-19 00:07:33', '2026-06-19 00:07:33'),
  (903, 126, 5, 1.000, 'g', 2, '日局カンゾウ  1.0g', '2026-06-19 00:07:33', '2026-06-19 00:07:33'),
  (904, 126, 96, 0.500, 'g', 3, '日局無水ボウショウ   0.5g', '2026-06-19 00:07:33', '2026-06-19 00:07:33'),
  (905, 127, 21, 5.000, 'g', 1, '日局ハンゲ  5.0g', '2026-06-19 00:09:28', '2026-06-19 00:09:28'),
  (906, 127, 36, 3.000, 'g', 2, '日局サイコ  3.0g', '2026-06-19 00:09:28', '2026-06-19 00:09:28'),
  (907, 127, 20, 3.000, 'g', 3, '日局バクモンドウ    3.0g', '2026-06-19 00:09:28', '2026-06-19 00:09:28'),
  (908, 127, 14, 3.000, 'g', 4, '日局ブクリョウ    3.0g', '2026-06-19 00:09:28', '2026-06-19 00:09:28'),
  (909, 127, 47, 2.000, 'g', 5, '日局キキョウ    2.0g', '2026-06-19 00:09:28', '2026-06-19 00:09:28'),
  (910, 127, 49, 2.000, 'g', 6, '日局キジツ    2.0g', '2026-06-19 00:09:28', '2026-06-19 00:09:28'),
  (911, 127, 64, 2.000, 'g', 7, '日局コウブシ    2.0g', '2026-06-19 00:09:28', '2026-06-19 00:09:28'),
  (912, 127, 12, 2.000, 'g', 8, '日局チンピ  2.0g', '2026-06-19 00:09:28', '2026-06-19 00:09:28'),
  (913, 127, 32, 1.000, 'g', 9, '日局オウレン  1.0g', '2026-06-19 00:09:28', '2026-06-19 00:09:28'),
  (914, 127, 5, 1.000, 'g', 10, '日局カンゾウ  1.0g', '2026-06-19 00:09:28', '2026-06-19 00:09:28'),
  (915, 127, 15, 1.000, 'g', 11, '日局ショウキョウ    1.0g', '2026-06-19 00:09:28', '2026-06-19 00:09:28'),
  (916, 127, 25, 1.000, 'g', 12, '日局ニンジン    1.0g', '2026-06-19 00:09:28', '2026-06-19 00:09:28'),
  (917, 127, 86, 3.000, 'g', 13, 'チクジョ 3.0g', '2026-06-19 00:09:28', '2026-06-19 00:09:28'),
  (918, 128, 35, 3.000, 'g', 1, '日局オウギ  3.0g', '2026-06-19 00:09:47', '2026-06-19 00:09:47'),
  (919, 128, 29, 3.000, 'g', 2, '日局ジオウ    3.0g', '2026-06-19 00:09:47', '2026-06-19 00:09:47'),
  (920, 128, 23, 3.000, 'g', 3, '日局シャクヤク  3.0g', '2026-06-19 00:09:47', '2026-06-19 00:09:47'),
  (921, 128, 9, 3.000, 'g', 4, '日局ソウジュツ  3.0g', '2026-06-19 00:09:47', '2026-06-19 00:09:47'),
  (922, 128, 22, 3.000, 'g', 5, '日局トウキ    3.0g', '2026-06-19 00:09:47', '2026-06-19 00:09:47'),
  (923, 128, 113, 3.000, 'g', 6, '日局トチュウ    3.0g', '2026-06-19 00:09:47', '2026-06-19 00:09:47'),
  (924, 128, 52, 3.000, 'g', 7, '日局ボウフウ    3.0g', '2026-06-19 00:09:47', '2026-06-19 00:09:47'),
  (925, 128, 24, 2.000, 'g', 8, '日局センキュウ  2.0g', '2026-06-19 00:09:47', '2026-06-19 00:09:47'),
  (926, 128, 5, 1.500, 'g', 9, '日局カンゾウ  1.5g', '2026-06-19 00:09:47', '2026-06-19 00:09:47'),
  (927, 128, 82, 1.500, 'g', 10, '日局キョウカツ  1.5g', '2026-06-19 00:09:47', '2026-06-19 00:09:47'),
  (928, 128, 61, 1.500, 'g', 11, '日局ゴシツ  1.5g', '2026-06-19 00:09:47', '2026-06-19 00:09:47'),
  (929, 128, 16, 1.500, 'g', 12, '日局タイソウ  1.5g', '2026-06-19 00:09:47', '2026-06-19 00:09:47'),
  (930, 128, 25, 1.500, 'g', 13, '日局ニンジン  1.5g', '2026-06-19 00:09:47', '2026-06-19 00:09:47'),
  (931, 128, 38, 1.000, 'g', 14, '日局カンキョウ  1.0g', '2026-06-19 00:09:47', '2026-06-19 00:09:47'),
  (932, 128, 54, 1.000, 'g', 15, '日局ブシ末  1.0g', '2026-06-19 00:09:47', '2026-06-19 00:09:47'),
  (933, 129, 8, 5.000, 'g', 1, '日局コウボク      5.0g', '2026-06-19 00:10:11', '2026-06-19 00:10:11'),
  (934, 129, 49, 3.000, 'g', 2, '日局キジツ      3.0g', '2026-06-19 00:10:11', '2026-06-19 00:10:11'),
  (935, 129, 19, 2.000, 'g', 3, '日局ダイオウ      2.0g', '2026-06-19 00:10:11', '2026-06-19 00:10:11'),
  (936, 129, 96, 1.300, 'g', 4, '日局無水ボウショウ   1.3g', '2026-06-19 00:10:11', '2026-06-19 00:10:11'),
  (937, 130, 36, 6.000, 'g', 1, '日局サイコ  6.0g', '2026-06-19 00:10:30', '2026-06-19 00:10:30'),
  (938, 130, 21, 4.000, 'g', 2, '日局ハンゲ  4.0g', '2026-06-19 00:10:30', '2026-06-19 00:10:30'),
  (939, 130, 30, 3.000, 'g', 3, '日局オウゴン    3.0g', '2026-06-19 00:10:30', '2026-06-19 00:10:30'),
  (940, 130, 23, 3.000, 'g', 4, '日局シャクヤク  3.0g', '2026-06-19 00:10:30', '2026-06-19 00:10:30'),
  (941, 130, 16, 3.000, 'g', 5, '日局タイソウ  3.0g', '2026-06-19 00:10:30', '2026-06-19 00:10:30'),
  (942, 130, 49, 2.000, 'g', 6, '日局キジツ  2.0g', '2026-06-19 00:10:30', '2026-06-19 00:10:30'),
  (943, 130, 15, 1.000, 'g', 7, '日局ショウキョウ    1.0g', '2026-06-19 00:10:30', '2026-06-19 00:10:30'),
  (944, 130, 19, 1.000, 'g', 8, '日局ダイオウ   1.0g', '2026-06-19 00:10:30', '2026-06-19 00:10:30'),
  (945, 131, 38, 5.000, 'g', 1, '日局カンキョウ      5.0g', '2026-06-19 00:10:55', '2026-06-19 00:10:55'),
  (946, 131, 25, 3.000, 'g', 2, '日局ニンジン  3.0g', '2026-06-19 00:10:55', '2026-06-19 00:10:55'),
  (947, 131, 105, 2.000, 'g', 3, '日局サンショウ      2.0g', '2026-06-19 00:10:55', '2026-06-19 00:10:55'),
  (948, 132, 114, 6.000, 'g', 1, '日局トウガシ      6.0g', '2026-06-19 00:11:09', '2026-06-19 00:11:09'),
  (949, 132, 56, 4.000, 'g', 2, '日局トウニン      4.0g', '2026-06-19 00:11:09', '2026-06-19 00:11:09'),
  (950, 132, 26, 4.000, 'g', 3, '日局ボタンピ  4.0g', '2026-06-19 00:11:09', '2026-06-19 00:11:09'),
  (951, 132, 19, 2.000, 'g', 4, '日局ダイオウ      2.0g', '2026-06-19 00:11:09', '2026-06-19 00:11:09'),
  (952, 132, 96, 1.800, 'g', 5, '日局無水ボウショウ   1.8g', '2026-06-19 00:11:09', '2026-06-19 00:11:09'),
  (953, 133, 19, 4.000, 'g', 1, '日局ダイオウ      4.0g', '2026-06-19 00:11:28', '2026-06-19 00:11:28'),
  (954, 133, 5, 2.000, 'g', 2, '日局カンゾウ      2.0g', '2026-06-19 00:11:28', '2026-06-19 00:11:28'),
  (955, 135, 23, 2.500, 'g', 1, '日局シャクヤク  2.5g', '2026-06-19 00:12:19', '2026-06-19 00:12:19'),
  (956, 135, 29, 2.000, 'g', 2, '日局ジオウ    2.0g', '2026-06-19 00:12:19', '2026-06-19 00:12:19'),
  (957, 135, 24, 2.000, 'g', 3, '日局センキュウ  2.0g', '2026-06-19 00:12:19', '2026-06-19 00:12:19'),
  (958, 135, 9, 2.000, 'g', 4, '日局ソウジュツ  2.0g', '2026-06-19 00:12:19', '2026-06-19 00:12:19'),
  (959, 135, 22, 2.000, 'g', 5, '日局トウキ    2.0g', '2026-06-19 00:12:19', '2026-06-19 00:12:19'),
  (960, 135, 56, 2.000, 'g', 6, '日局トウニン    2.0g', '2026-06-19 00:12:19', '2026-06-19 00:12:19'),
  (961, 135, 14, 2.000, 'g', 7, '日局ブクリョウ  2.0g', '2026-06-19 00:12:19', '2026-06-19 00:12:19'),
  (962, 135, 102, 1.500, 'g', 8, '日局イレイセン  1.5g', '2026-06-19 00:12:19', '2026-06-19 00:12:19'),
  (963, 135, 82, 1.500, 'g', 9, '日局キョウカツ  1.5g', '2026-06-19 00:12:19', '2026-06-19 00:12:19'),
  (964, 135, 61, 1.500, 'g', 10, '日局ゴシツ  1.5g', '2026-06-19 00:12:19', '2026-06-19 00:12:19'),
  (965, 135, 12, 1.500, 'g', 11, '日局チンピ  1.5g', '2026-06-19 00:12:19', '2026-06-19 00:12:19'),
  (966, 135, 95, 1.500, 'g', 12, '日局ボウイ  1.5g', '2026-06-19 00:12:19', '2026-06-19 00:12:19'),
  (967, 135, 52, 1.500, 'g', 13, '日局ボウフウ  1.5g', '2026-06-19 00:12:19', '2026-06-19 00:12:19'),
  (968, 135, 94, 1.500, 'g', 14, '日局リュウタン  1.5g', '2026-06-19 00:12:19', '2026-06-19 00:12:19'),
  (969, 135, 5, 1.000, 'g', 15, '日局カンゾウ  1.0g', '2026-06-19 00:12:19', '2026-06-19 00:12:19'),
  (970, 135, 51, 1.000, 'g', 16, '日局ビャクシ  1.0g', '2026-06-19 00:12:19', '2026-06-19 00:12:19'),
  (971, 135, 15, 0.500, 'g', 17, '日局ショウキョウ    0.5g', '2026-06-19 00:12:19', '2026-06-19 00:12:19');

SELECT setval(pg_get_serial_sequence('kampo_products','id'), COALESCE((SELECT MAX(id) FROM kampo_products), 1), EXISTS (SELECT 1 FROM kampo_products));
SELECT setval(pg_get_serial_sequence('kampo_ingredients','id'), COALESCE((SELECT MAX(id) FROM kampo_ingredients), 1), EXISTS (SELECT 1 FROM kampo_ingredients));
SELECT setval(pg_get_serial_sequence('kampo_product_ingredients','id'), COALESCE((SELECT MAX(id) FROM kampo_product_ingredients), 1), EXISTS (SELECT 1 FROM kampo_product_ingredients));

COMMIT;
